SLD,Symbol_ID,Scale,Classification,Stage3_Rank,Stage4_Rank,Stage5_Rank,ChamferScore,CoverageAreaScore,CombinedScore,Cand_X,Cand_Y,Cand_Scale,Cand_Rotation
SLD1,SLD1_GT_0,3.066666666666667,LOCALIZED_AND_HIGHLY_RANKED,1461,520,520,6.46945333480835,894.4051446945338,357.91932633931003,229.0,90.0,0.372,0.0
SLD1,SLD1_GT_1,3.066666666666667,LOCALIZED_AND_HIGHLY_RANKED,1477,256,257,5.756184101104736,1083.458064516129,433.5885721041269,250.0,102.0,0.4,180.0
SLD1,SLD1_GT_2,3.066666666666667,LOCALIZED_AND_HIGHLY_RANKED,1035,113,113,5.318994998931885,1303.5354838709677,521.6591596636819,825.0,119.0,0.4,180.0
SLD1,SLD1_GT_3,2.533333333333333,LOCALIZED_AND_HIGHLY_RANKED,1971,171,171,5.667741775512695,1185.032258064516,474.3534283120747,50.0,102.0,0.4,180.0
SLD1,SLD1_GT_4,2.533333333333333,LOCALIZED_AND_HIGHLY_RANKED,2065,278,278,4.6322808265686035,1063.5143769968051,425.8113748338736,140.0,103.0,0.372,180.0
SLD1,SLD1_GT_5,2.4,LOCALIZED_AND_HIGHLY_RANKED,1871,197,197,5.950607776641846,1151.1741935483872,460.7003571899821,377.0,102.0,0.4,180.0
SLD1,SLD1_GT_6,2.2,LOCALIZED_AND_HIGHLY_RANKED,2006,348,349,7.170087814331055,1000.3519061583578,400.3274204366641,0.0,88.0,0.4,0.0
SLD1,SLD1_GT_7,2.2,LOCALIZED_AND_HIGHLY_RANKED,1963,171,171,5.667741775512695,1185.032258064516,474.3534283120747,50.0,102.0,0.4,180.0
SLD1,SLD1_GT_8,2.2,LOCALIZED_AND_HIGHLY_RANKED,1963,532,532,3.895183801651001,888.7741935483871,355.8354173785171,89.0,104.0,0.4,180.0
SLD1,SLD1_GT_9,2.8666666666666667,LOCALIZED_AND_HIGHLY_RANKED,1557,506,506,4.44332218170166,899.8084291187739,360.282313474648,1219.0,121.0,0.344,180.0
SLD1,SLD1_GT_10,2.8666666666666667,LOCALIZED_AND_HIGHLY_RANKED,8,1,1,0.7096474170684814,2285.4193548387098,914.5846113202953,576.0,102.0,0.4,180.0
SLD1,SLD1_GT_11,2.8666666666666667,LOCALIZED_AND_HIGHLY_RANKED,938,323,323,5.248462200164795,1015.741935483871,406.5581756411479,1292.0,104.0,0.4,0.0
SLD1,SLD1_GT_12,4.533333333333333,LOCALIZED_AND_HIGHLY_RANKED,491,87,87,4.002935886383057,1366.3431952662722,546.8829550440179,754.0,133.0,0.4,270.0
SLD1,SLD1_GT_13,1.5333333333333334,LOCALIZED_AND_HIGHLY_RANKED,824,163,162,4.751424312591553,1200.4222873900292,480.5726460017166,753.0,105.0,0.4,0.0
SLD1,SLD1_GT_14,1.5333333333333334,LOCALIZED_AND_HIGHLY_RANKED,1129,123,123,2.1112356185913086,1279.2,512.0695328106854,167.0,105.0,0.4,90.0
SLD1,SLD1_GT_15,1.5333333333333334,LOCALIZED_AND_HIGHLY_RANKED,930,309,309,5.067977428436279,1032.6709677419356,413.29163776564917,1081.0,119.0,0.4,180.0
SLD1,SLD1_GT_16,1.5333333333333334,LOCALIZED_AND_HIGHLY_RANKED,70,101,101,2.4725050926208496,1336.6000000000001,535.002907679555,1164.0,124.0,0.4,90.0
SLD1,SLD1_GT_17,2.533333333333333,LOCALIZED_AND_HIGHLY_RANKED,32,17,17,3.015018939971924,1726.7612903225806,691.0860233973999,994.0,117.0,0.4,180.0
SLD1,SLD1_GT_18,1.5333333333333334,LOCALIZED_AND_HIGHLY_RANKED,790,182,181,3.0459303855895996,1172.6000000000001,469.41105052264817,677.0,46.0,0.4,90.0
SLD1,SLD1_GT_19,2.7333333333333334,LOCALIZED_AND_HIGHLY_RANKED,54,2,2,0.7657264471054077,2276.9548387096775,911.2263459780452,878.0,119.0,0.4,180.0
SLD1,SLD1_GT_20,4.533333333333333,LOCALIZED_AND_HIGHLY_RANKED,19,3,3,0.8430852293968201,2235.8343195266275,894.7930781858855,753.0,202.0,0.4,270.0
SLD1,SLD1_GT_21,2.4,LOCALIZED_AND_HIGHLY_RANKED,424,177,178,2.6093525886535645,1176.5677419354838,471.0044720270878,630.0,105.0,0.4,180.0
SLD2,SLD2_GT_0,3.7333333333333334,LOCALIZED_AND_HIGHLY_RANKED,2058,263,261,5.619016647338867,1205.3999999999999,482.6056016590117,884.0,19.0,0.4,90.0
SLD2,SLD2_GT_1,1.5333333333333334,LOCALIZED_AND_HIGHLY_RANKED,630,6,6,2.776153087615967,1697.3999999999999,679.3836191202091,884.0,154.0,0.4,90.0
SLD2,SLD2_GT_2,2.4,LOCALIZED_AND_HIGHLY_RANKED,1987,268,268,2.7904226779937744,1201.9612903225807,481.1414035114833,456.0,117.0,0.4,180.0
SLD2,SLD2_GT_3,3.7333333333333334,LOCALIZED_AND_HIGHLY_RANKED,2273,175,175,5.10818338394165,1265.4201183431953,506.5816216264974,898.0,345.0,0.4,270.0
SLD2,SLD2_GT_4,1.5333333333333334,LOCALIZED_AND_HIGHLY_RANKED,656,13,13,3.37796950340271,1591.3290322580644,636.8952281574313,901.0,151.0,0.4,180.0
SLD2,SLD2_GT_5,2.4,LOCALIZED_AND_HIGHLY_RANKED,135,177,176,2.4668467044830322,1265.032258064516,506.33712462950706,899.0,296.0,0.372,270.0
SLD2,SLD2_GT_6,4.0,LOCALIZED_AND_HIGHLY_RANKED,715,115,114,3.6051461696624756,1316.516129032258,527.0664319300164,899.0,114.0,0.372,270.0
SLD2,SLD2_GT_7,3.466666666666667,LOCALIZED_AND_HIGHLY_RANKED,215,88,88,2.5802762508392334,1361.2,544.7750130200085,896.0,196.0,0.4,90.0
SLD2,SLD2_GT_8,2.2,LOCALIZED_AND_HIGHLY_RANKED,2777,300,296,4.472016334533691,1180.063897763578,472.4093804243273,18.0,425.0,0.372,180.0
SLD2,SLD2_GT_9,3.466666666666667,LOCALIZED_AND_HIGHLY_RANKED,1103,340,339,4.215211868286133,1154.8051948051948,462.3174440111413,886.0,428.0,0.372,90.0
SLD2,SLD2_GT_10,2.2,LOCALIZED_AND_HIGHLY_RANKED,2600,430,430,6.361690521240234,1100.3870967741937,440.3418851391856,958.0,151.0,0.4,180.0
SLD2,SLD2_GT_11,2.2,LOCALIZED_AND_HIGHLY_RANKED,3234,457,457,6.5580644607543945,1091.9225806451614,436.9492252163651,477.0,151.0,0.4,180.0
SLD2,SLD2_GT_12,2.2,LOCALIZED_AND_HIGHLY_RANKED,3264,487,487,6.5580644607543945,1091.9225806451614,436.9492252163651,507.0,151.0,0.4,180.0
SLD2,SLD2_GT_13,2.2,LOCALIZED_AND_HIGHLY_RANKED,3297,520,520,6.5580644607543945,1091.9225806451614,436.9492252163651,540.0,151.0,0.4,180.0
SLD2,SLD2_GT_14,2.2,LOCALIZED_AND_HIGHLY_RANKED,3330,553,553,6.5580644607543945,1091.9225806451614,436.9492252163651,573.0,151.0,0.4,180.0
SLD2,SLD2_GT_15,2.2,LOCALIZED_AND_HIGHLY_RANKED,2587,49,48,4.287349224090576,1438.9677419354837,575.9666179636649,856.0,137.0,0.4,0.0
SLD2,SLD2_GT_16,2.2,LOCALIZED_AND_HIGHLY_RANKED,3360,583,583,6.5580644607543945,1091.9225806451614,436.9492252163651,603.0,151.0,0.4,180.0
SLD2,SLD2_GT_17,2.2,LOCALIZED_AND_HIGHLY_RANKED,3390,613,613,6.5580644607543945,1091.9225806451614,436.9492252163651,633.0,151.0,0.4,180.0
SLD2,SLD2_GT_18,2.2,LOCALIZED_AND_HIGHLY_RANKED,3420,643,643,6.5580644607543945,1091.9225806451614,436.9492252163651,663.0,151.0,0.4,180.0
SLD2,SLD2_GT_19,2.2,LOCALIZED_AND_HIGHLY_RANKED,3450,673,673,6.5580644607543945,1091.9225806451614,436.9492252163651,693.0,151.0,0.4,180.0
SLD2,SLD2_GT_20,2.2,LOCALIZED_AND_HIGHLY_RANKED,3113,703,703,6.5580644607543945,1091.9225806451614,436.9492252163651,723.0,151.0,0.4,180.0
SLD2,SLD2_GT_21,2.2,LOCALIZED_BUT_POORLY_RANKED,2574,1184,-1,6.932560443878174,0.0,0.0,752.0,137.0,0.4,0.0
SLD2,SLD2_GT_22,2.2,LOCALIZED_AND_HIGHLY_RANKED,2578,445,447,6.355268955230713,1091.9225806451614,436.95607868757264,817.0,151.0,0.4,180.0
SLD2,SLD2_GT_23,3.466666666666667,LOCALIZED_AND_HIGHLY_RANKED,2884,860,860,6.846875190734863,1025.0,410.26168677409987,884.0,482.0,0.4,90.0
SLD2,SLD2_GT_24,3.466666666666667,LOCALIZED_AND_HIGHLY_RANKED,2913,860,860,6.846875190734863,1025.0,410.26168677409987,884.0,482.0,0.4,90.0
SLD2,SLD2_GT_25,3.466666666666667,LOCALIZED_AND_HIGHLY_RANKED,2943,883,883,6.846875190734863,1025.0,410.26168677409987,884.0,505.0,0.4,90.0
SLD2,SLD2_GT_26,3.466666666666667,LOCALIZED_AND_HIGHLY_RANKED,2973,913,913,6.846875190734863,1025.0,410.26168677409987,884.0,535.0,0.4,90.0
SLD2,SLD2_GT_27,3.466666666666667,LOCALIZED_AND_HIGHLY_RANKED,3003,943,943,6.846875190734863,1025.0,410.26168677409987,884.0,565.0,0.4,90.0
SLD2,SLD2_GT_28,3.466666666666667,LOCALIZED_AND_HIGHLY_RANKED,3033,973,973,6.846875190734863,1025.0,410.26168677409987,884.0,595.0,0.4,90.0
SLD2,SLD2_GT_29,3.466666666666667,LOCALIZED_AND_HIGHLY_RANKED,134,3,3,2.4638779163360596,1723.4556213017752,689.8360287198731,898.0,162.0,0.4,270.0
SLD2,SLD2_GT_30,3.466666666666667,LOCALIZED_AND_HIGHLY_RANKED,525,294,294,2.7800631523132324,1180.8,472.57157870736984,896.0,266.0,0.4,90.0
SLD2,SLD2_GT_31,3.2,LOCALIZED_AND_HIGHLY_RANKED,309,263,261,5.619016647338867,1205.3999999999999,482.6056016590117,884.0,19.0,0.4,90.0
SLD2,SLD2_GT_32,1.5333333333333334,LOCALIZED_AND_HIGHLY_RANKED,1867,82,82,2.2107176780700684,1362.7870967741937,545.492262806103,403.0,426.0,0.4,180.0
SLD2,SLD2_GT_33,1.5333333333333334,LOCALIZED_AND_HIGHLY_RANKED,849,189,186,4.295796871185303,1254.2873900293255,502.0477734008059,478.0,410.0,0.4,0.0
SLD2,SLD2_GT_34,2.4,LOCALIZED_BUT_POORLY_RANKED,5077,5953,-1,7.128332138061523,0.0,0.0,697.0,334.0,0.4,180.0
SLD2,SLD2_GT_35,2.4,LOCALIZED_BUT_POORLY_RANKED,5078,3478,-1,6.933065891265869,0.0,0.0,785.0,334.0,0.372,180.0
SLD2,SLD2_GT_36,2.4,LOCALIZED_BUT_POORLY_RANKED,4998,5241,-1,7.383445739746094,0.0,0.0,650.0,334.0,0.372,180.0
SLD2,SLD2_GT_37,1.5333333333333334,LOCALIZED_AND_HIGHLY_RANKED,2612,430,430,6.361690521240234,1100.3870967741937,440.3418851391856,958.0,151.0,0.4,180.0
SLD2,SLD2_GT_38,1.5333333333333334,LOCALIZED_BUT_POORLY_RANKED,5076,6283,-1,4.997026443481445,0.0,0.0,33.0,337.0,0.289,180.0
SLD2,SLD2_GT_39,1.5333333333333334,LOCALIZED_BUT_POORLY_RANKED,5058,5952,-1,6.496439456939697,0.0,0.0,102.0,334.0,0.4,180.0
SLD2,SLD2_GT_40,1.5333333333333334,LOCALIZED_BUT_POORLY_RANKED,5059,4744,-1,7.066904544830322,0.0,0.0,199.0,334.0,0.372,180.0
SLD2,SLD2_GT_41,1.5333333333333334,LOCALIZED_BUT_POORLY_RANKED,5060,4745,-1,7.066904544830322,0.0,0.0,284.0,334.0,0.372,180.0
SLD2,SLD2_GT_42,1.5333333333333334,LOCALIZED_BUT_POORLY_RANKED,5061,6284,-1,5.133403778076172,0.0,0.0,373.0,337.0,0.289,180.0
SLD2,SLD2_GT_43,1.5333333333333334,LOCALIZED_BUT_POORLY_RANKED,5062,6013,-1,6.975214004516602,0.0,0.0,459.0,334.0,0.4,180.0
SLD2,SLD2_GT_44,1.5333333333333334,LOCALIZED_BUT_POORLY_RANKED,5063,5637,-1,5.768426895141602,0.0,0.0,539.0,336.0,0.317,180.0
SLD2,SLD2_GT_45,1.5333333333333334,LOCALIZED_BUT_POORLY_RANKED,5064,4780,-1,7.081294059753418,0.0,0.0,948.0,334.0,0.372,180.0
SLD2,SLD2_GT_46,2.4,LOCALIZED_AND_HIGHLY_RANKED,1734,175,175,5.10818338394165,1265.4201183431953,506.5816216264974,898.0,345.0,0.4,270.0
SLD2,SLD2_GT_47,2.533333333333333,LOCALIZED_AND_HIGHLY_RANKED,1500,246,243,4.8287577629089355,1215.8123167155425,486.69775677705456,856.0,319.0,0.4,0.0
SLD2,SLD2_GT_48,2.533333333333333,LOCALIZED_BUT_POORLY_RANKED,5124,5242,-1,7.383445739746094,0.0,0.0,735.0,334.0,0.372,180.0
SLD2,SLD2_GT_49,1.3333333333333333,LOCALIZED_AND_HIGHLY_RANKED,1056,258,257,3.8611245155334473,1208.1173020527858,483.5908375295043,465.0,605.0,0.4,0.0
SLD2,SLD2_GT_50,2.533333333333333,LOCALIZED_BUT_POORLY_RANKED,4998,6224,-1,7.120035171508789,0.0,0.0,613.0,334.0,0.4,180.0
SLD2,SLD2_GT_51,2.533333333333333,LOCALIZED_BUT_POORLY_RANKED,5105,6205,-1,5.145320892333984,0.0,0.0,798.0,337.0,0.289,180.0
SLD3,SLD3_GT_0,1.5333333333333334,LOCALIZED_AND_HIGHLY_RANKED,1113,136,136,5.269794940948486,1377.407624633431,551.2597790979876,881.0,320.0,0.4,0.0
SLD3,SLD3_GT_1,2.4,LOCALIZED_AND_HIGHLY_RANKED,1102,91,90,4.356011867523193,1446.6627565982403,579.098064426722,1701.0,320.0,0.4,0.0
SLD3,SLD3_GT_2,1.5333333333333334,LOCALIZED_AND_HIGHLY_RANKED,1102,91,90,4.356011867523193,1446.6627565982403,579.098064426722,1701.0,320.0,0.4,0.0
SLD3,SLD3_GT_3,3.2,LOCALIZED_AND_HIGHLY_RANKED,320,156,156,2.608682155609131,1345.8580645161292,538.6220993218689,975.0,81.0,0.4,180.0
SLD3,SLD3_GT_4,4.0,LOCALIZED_AND_HIGHLY_RANKED,2728,423,422,5.9375,1115.2,446.50574706385925,1729.0,78.0,0.4,90.0
SLD3,SLD3_GT_5,1.5333333333333334,LOCALIZED_AND_HIGHLY_RANKED,23,27,28,1.8853352069854736,1608.258064516129,643.6033367843672,174.0,160.0,0.4,0.0
SLD3,SLD3_GT_6,3.2,LOCALIZED_AND_HIGHLY_RANKED,436,347,347,4.057751178741455,1154.2521994134897,461.9773228667478,32.0,108.0,0.4,0.0
SLD3,SLD3_GT_7,1.3333333333333333,LOCALIZED_AND_HIGHLY_RANKED,75,106,107,1.428672194480896,1422.0387096774195,569.0861776222125,845.0,49.0,0.4,180.0
SLD3,SLD3_GT_8,1.5333333333333334,LOCALIZED_AND_HIGHLY_RANKED,24,169,170,2.7689242362976074,1323.5425219941349,529.7149641137285,1072.0,160.0,0.4,0.0
SLD3,SLD3_GT_9,2.2,LOCALIZED_AND_HIGHLY_RANKED,3001,948,948,7.170087814331055,1000.3519061583578,400.3274204366641,913.0,320.0,0.4,0.0
SLD3,SLD3_GT_10,2.2,LOCALIZED_AND_HIGHLY_RANKED,3033,951,951,7.170087814331055,1000.3519061583578,400.3274204366641,916.0,320.0,0.4,0.0
SLD3,SLD3_GT_11,2.2,LOCALIZED_AND_HIGHLY_RANKED,3069,987,987,7.170087814331055,1000.3519061583578,400.3274204366641,952.0,320.0,0.4,0.0
SLD3,SLD3_GT_12,2.2,LOCALIZED_BUT_POORLY_RANKED,3101,1019,-1,7.170087814331055,0.0,0.0,984.0,320.0,0.4,0.0
SLD3,SLD3_GT_13,2.2,LOCALIZED_AND_HIGHLY_RANKED,3773,91,90,4.356011867523193,1446.6627565982403,579.098064426722,1701.0,320.0,0.4,0.0
SLD3,SLD3_GT_14,2.2,LOCALIZED_BUT_POORLY_RANKED,3131,1049,-1,7.170087814331055,0.0,0.0,1014.0,320.0,0.4,0.0
SLD3,SLD3_GT_15,2.2,LOCALIZED_BUT_POORLY_RANKED,3161,1079,-1,7.170087814331055,0.0,0.0,1044.0,320.0,0.4,0.0
SLD3,SLD3_GT_16,2.2,LOCALIZED_BUT_POORLY_RANKED,3191,1109,-1,7.170087814331055,0.0,0.0,1074.0,320.0,0.4,0.0
SLD3,SLD3_GT_17,2.2,LOCALIZED_BUT_POORLY_RANKED,3221,1139,-1,7.170087814331055,0.0,0.0,1104.0,320.0,0.4,0.0
SLD3,SLD3_GT_18,2.2,LOCALIZED_BUT_POORLY_RANKED,3251,1169,-1,7.170087814331055,0.0,0.0,1134.0,320.0,0.4,0.0
SLD3,SLD3_GT_19,2.2,LOCALIZED_BUT_POORLY_RANKED,3281,1199,-1,7.170087814331055,0.0,0.0,1164.0,320.0,0.4,0.0
SLD3,SLD3_GT_20,2.2,LOCALIZED_BUT_POORLY_RANKED,3311,1229,-1,7.170087814331055,0.0,0.0,1194.0,320.0,0.4,0.0
SLD3,SLD3_GT_21,2.2,LOCALIZED_BUT_POORLY_RANKED,3341,1259,-1,7.170087814331055,0.0,0.0,1224.0,320.0,0.4,0.0
SLD3,SLD3_GT_22,2.2,LOCALIZED_BUT_POORLY_RANKED,3371,1289,-1,7.170087814331055,0.0,0.0,1254.0,320.0,0.4,0.0
SLD3,SLD3_GT_23,2.2,LOCALIZED_BUT_POORLY_RANKED,3401,1319,-1,7.170087814331055,0.0,0.0,1284.0,320.0,0.4,0.0
SLD3,SLD3_GT_24,2.2,LOCALIZED_BUT_POORLY_RANKED,3431,1349,-1,7.170087814331055,0.0,0.0,1314.0,320.0,0.4,0.0
SLD3,SLD3_GT_25,2.2,LOCALIZED_BUT_POORLY_RANKED,3461,1379,-1,7.170087814331055,0.0,0.0,1344.0,320.0,0.4,0.0
SLD3,SLD3_GT_26,2.2,LOCALIZED_BUT_POORLY_RANKED,3491,1409,-1,7.170087814331055,0.0,0.0,1374.0,320.0,0.4,0.0
SLD3,SLD3_GT_27,2.2,LOCALIZED_BUT_POORLY_RANKED,3521,1439,-1,7.170087814331055,0.0,0.0,1404.0,320.0,0.4,0.0
SLD3,SLD3_GT_28,2.2,LOCALIZED_BUT_POORLY_RANKED,3551,1469,-1,7.170087814331055,0.0,0.0,1434.0,320.0,0.4,0.0
SLD3,SLD3_GT_29,2.2,LOCALIZED_BUT_POORLY_RANKED,3581,1499,-1,7.170087814331055,0.0,0.0,1464.0,320.0,0.4,0.0
SLD3,SLD3_GT_30,2.2,LOCALIZED_BUT_POORLY_RANKED,3611,1529,-1,7.170087814331055,0.0,0.0,1494.0,320.0,0.4,0.0
SLD3,SLD3_GT_31,2.2,LOCALIZED_BUT_POORLY_RANKED,3641,1559,-1,7.170087814331055,0.0,0.0,1524.0,320.0,0.4,0.0
SLD3,SLD3_GT_32,2.2,LOCALIZED_BUT_POORLY_RANKED,3671,1589,-1,7.170087814331055,0.0,0.0,1554.0,320.0,0.4,0.0
SLD3,SLD3_GT_33,2.2,LOCALIZED_BUT_POORLY_RANKED,3701,1619,-1,7.170087814331055,0.0,0.0,1584.0,320.0,0.4,0.0
SLD3,SLD3_GT_34,2.2,LOCALIZED_BUT_POORLY_RANKED,3733,1651,-1,7.170087814331055,0.0,0.0,1616.0,320.0,0.4,0.0
SLD3,SLD3_GT_35,3.466666666666667,LOCALIZED_AND_HIGHLY_RANKED,2660,670,671,6.846875190734863,1025.0,410.26168677409987,1729.0,0.0,0.4,90.0
SLD3,SLD3_GT_36,3.466666666666667,LOCALIZED_AND_HIGHLY_RANKED,2681,673,674,6.846875190734863,1025.0,410.26168677409987,1729.0,3.0,0.4,90.0
SLD3,SLD3_GT_37,3.466666666666667,LOCALIZED_AND_HIGHLY_RANKED,2751,423,422,5.9375,1115.2,446.50574706385925,1729.0,78.0,0.4,90.0
SLD3,SLD3_GT_38,3.466666666666667,LOCALIZED_AND_HIGHLY_RANKED,1899,573,573,6.206972122192383,1055.810650887574,422.61186007695403,1743.0,191.0,0.4,270.0
SLD3,SLD3_GT_39,3.466666666666667,LOCALIZED_AND_HIGHLY_RANKED,2815,707,708,6.846875190734863,1025.0,410.26168677409987,1729.0,213.0,0.4,90.0
SLD3,SLD3_GT_40,3.466666666666667,LOCALIZED_AND_HIGHLY_RANKED,2845,723,724,6.846875190734863,1025.0,410.26168677409987,1729.0,229.0,0.4,90.0
SLD3,SLD3_GT_41,4.0,LOCALIZED_AND_HIGHLY_RANKED,1704,94,92,4.279290199279785,1443.976331360947,577.9994673113005,1743.0,292.0,0.4,270.0
SLD3,SLD3_GT_42,1.5333333333333334,LOCALIZED_AND_HIGHLY_RANKED,137,155,155,3.8481075763702393,1346.6275659824046,538.9242073483656,1447.0,160.0,0.4,0.0
SLD3,SLD3_GT_43,1.5333333333333334,LOCALIZED_AND_HIGHLY_RANKED,93,246,247,3.6763782501220703,1238.8973607038124,495.8344132002808,527.0,160.0,0.4,0.0
SLD3,SLD3_GT_44,1.5333333333333334,LOCALIZED_AND_HIGHLY_RANKED,75,106,107,1.428672194480896,1422.0387096774195,569.0861776222125,845.0,49.0,0.4,180.0
SLD3,SLD3_GT_45,2.4,LOCALIZED_AND_HIGHLY_RANKED,273,92,94,1.4980964660644531,1443.976331360947,577.8828398758841,27.0,134.0,0.4,270.0
SLD3,SLD3_GT_46,2.4,LOCALIZED_AND_HIGHLY_RANKED,16,55,55,2.4884824752807617,1529.3727810650887,612.0374941418806,687.0,85.0,0.4,270.0
SLD3,SLD3_GT_47,2.4,LOCALIZED_AND_HIGHLY_RANKED,313,93,93,3.1008715629577637,1443.976331360947,577.8828688384787,1029.0,85.0,0.4,270.0
SLD3,SLD3_GT_48,1.5333333333333334,LOCALIZED_AND_HIGHLY_RANKED,1708,282,283,5.360730171203613,1201.9612903225807,481.0981910639354,816.0,174.0,0.4,180.0
SLD3,SLD3_GT_49,2.4,LOCALIZED_AND_HIGHLY_RANKED,216,142,142,2.7110822200775146,1369.7126099706745,548.1642058632559,983.0,111.0,0.4,0.0
SLD3,SLD3_GT_50,2.4,LOCALIZED_AND_HIGHLY_RANKED,1908,830,830,6.9399614334106445,1001.4674556213018,400.798033915428,1743.0,95.0,0.4,270.0
SLD3,SLD3_GT_51,1.3333333333333333,LOCALIZED_AND_HIGHLY_RANKED,1000,511,511,3.3573668003082275,1078.0830670926516,431.4244822203216,499.0,175.0,0.372,180.0
SLD3,SLD3_GT_52,1.3333333333333333,LOCALIZED_AND_HIGHLY_RANKED,1001,116,115,3.838650941848755,1408.1876832844573,563.6160226997629,1378.0,160.0,0.4,0.0
SLD3,SLD3_GT_53,1.5333333333333334,LOCALIZED_AND_HIGHLY_RANKED,10,135,135,3.4609062671661377,1377.407624633431,551.2634684382788,459.0,160.0,0.4,0.0
SLD3,SLD3_GT_54,2.4,LOCALIZED_AND_HIGHLY_RANKED,1878,433,433,4.6761040687561035,1110.5806451612905,444.67229610658694,868.0,188.0,0.372,270.0
SLD3,SLD3_GT_55,1.5333333333333334,LOCALIZED_AND_HIGHLY_RANKED,12,116,115,3.838650941848755,1408.1876832844573,563.6160226997629,1378.0,160.0,0.4,0.0
SLD3,SLD3_GT_56,1.5333333333333334,LOCALIZED_AND_HIGHLY_RANKED,402,184,184,2.009547472000122,1303.5354838709677,521.7077645402476,866.0,34.0,0.4,180.0
SLD3,SLD3_GT_57,2.4,LOCALIZED_AND_HIGHLY_RANKED,7,118,118,2.5680201053619385,1405.1597633136093,562.3526143579685,151.0,82.0,0.4,270.0
SLD3,SLD3_GT_58,1.3333333333333333,LOCALIZED_AND_HIGHLY_RANKED,1110,157,157,3.325451612472534,1345.8580645161292,538.6088169628096,215.0,174.0,0.4,180.0
SLD3,SLD3_GT_59,2.4,LOCALIZED_AND_HIGHLY_RANKED,1113,276,276,4.305021286010742,1206.1935483870968,482.8931823544646,868.0,273.0,0.372,270.0
SLD3,SLD3_GT_60,2.4,LOCALIZED_AND_HIGHLY_RANKED,63,40,40,2.47312068939209,1575.9526627218934,630.6497034564873,1580.0,88.0,0.4,270.0
SLD3,SLD3_GT_61,1.3333333333333333,LOCALIZED_AND_HIGHLY_RANKED,1016,291,291,2.3007004261016846,1193.4967741935484,477.71772619047624,1107.0,176.0,0.4,180.0
SLD3,SLD3_GT_62,1.5333333333333334,LOCALIZED_AND_HIGHLY_RANKED,25,71,71,2.973698139190674,1485.1378299120236,594.4060136693972,1498.0,159.0,0.4,0.0
SLD3,SLD3_GT_63,2.8666666666666667,LOCALIZED_AND_HIGHLY_RANKED,2042,649,647,3.5545387268066406,1032.6709677419356,413.4084765942197,870.0,176.0,0.4,180.0
SLD4,SLD4_GT_0,2.8666666666666667,LOCALIZED_AND_HIGHLY_RANKED,954,458,458,6.029298305511475,892.6217008797653,357.19462103926753,735.0,120.0,0.4,0.0
SLD4,SLD4_GT_1,2.4,LOCALIZED_AND_HIGHLY_RANKED,9,30,30,2.480262517929077,1544.8994082840236,618.2583422965403,635.0,43.0,0.4,270.0
SLD4,SLD4_GT_2,1.6666666666666667,LOCALIZED_AND_HIGHLY_RANKED,2,69,69,3.469731330871582,1338.9325513196482,535.8991634715109,407.0,120.0,0.4,0.0
SLD4,SLD4_GT_3,2.4,LOCALIZED_AND_HIGHLY_RANKED,4,49,49,2.5359389781951904,1451.7396449704142,580.9868195430273,99.0,41.0,0.4,270.0
SLD4,SLD4_GT_4,1.6666666666666667,LOCALIZED_AND_HIGHLY_RANKED,65,113,113,3.5299599170684814,1215.8123167155425,486.58904414609265,474.0,120.0,0.4,0.0
SLD4,SLD4_GT_5,1.3333333333333333,LOCALIZED_AND_HIGHLY_RANKED,3,56,54,3.4443702697753906,1438.9677419354837,575.9419398092391,568.0,120.0,0.4,0.0
SLD4,SLD4_GT_6,1.6666666666666667,LOCALIZED_AND_HIGHLY_RANKED,64,84,83,3.6978487968444824,1304.9517684887462,522.2828006985419,214.0,122.0,0.372,0.0
SLD7,SLD7_GT_0,4.8,LOCALIZED_AND_HIGHLY_RANKED,2320,100,99,4.2082839012146,1482.792899408284,593.4877513349691,1727.0,138.0,0.4,270.0
SLD7,SLD7_GT_1,4.8,LOCALIZED_AND_HIGHLY_RANKED,2382,398,396,5.356249809265137,1287.3999999999999,515.35650021777,1712.0,744.0,0.4,90.0
SLD7,SLD7_GT_2,3.066666666666667,LOCALIZED_AND_HIGHLY_RANKED,2670,92,92,4.265102863311768,1492.8328445747802,597.5312609076605,1685.0,165.0,0.4,0.0
SLD7,SLD7_GT_3,4.533333333333333,LOCALIZED_AND_HIGHLY_RANKED,4613,393,393,5.051360130310059,1288.7100591715975,515.8341956429923,1727.0,406.0,0.4,270.0
SLD7,SLD7_GT_4,3.066666666666667,LOCALIZED_AND_HIGHLY_RANKED,3809,138,136,4.930791854858398,1438.9677419354837,575.9841641334667,28.0,714.0,0.4,0.0
SLD7,SLD7_GT_5,2.8666666666666667,LOCALIZED_AND_HIGHLY_RANKED,1359,821,822,6.169632434844971,1142.7096774193549,457.29276712187635,562.0,728.0,0.4,180.0
SLD7,SLD7_GT_6,4.533333333333333,LOCALIZED_BUT_POORLY_RANKED,4192,1838,-1,4.935064792633057,0.0,0.0,1714.0,425.0,0.372,90.0
SLD7,SLD7_GT_7,4.8,LOCALIZED_BUT_POORLY_RANKED,4642,2151,-1,6.9082841873168945,0.0,0.0,1726.0,543.0,0.4,270.0
SLD7,SLD7_GT_8,4.533333333333333,LOCALIZED_BUT_POORLY_RANKED,3033,1733,-1,4.864245414733887,0.0,0.0,1714.0,11.0,0.372,90.0
SLD7,SLD7_GT_9,3.066666666666667,LOCALIZED_BUT_POORLY_RANKED,5746,1274,-1,6.435483932495117,0.0,0.0,228.0,729.0,0.4,180.0
SLD7,SLD7_GT_10,3.066666666666667,LOCALIZED_BUT_POORLY_RANKED,5568,1102,-1,6.435483932495117,0.0,0.0,56.0,729.0,0.4,180.0
SLD7,SLD7_GT_11,3.066666666666667,LOCALIZED_BUT_POORLY_RANKED,5600,1128,-1,6.435483932495117,0.0,0.0,82.0,729.0,0.4,180.0
SLD7,SLD7_GT_12,3.066666666666667,LOCALIZED_BUT_POORLY_RANKED,5632,1160,-1,6.435483932495117,0.0,0.0,114.0,729.0,0.4,180.0
SLD7,SLD7_GT_13,3.066666666666667,LOCALIZED_BUT_POORLY_RANKED,5666,1194,-1,6.435483932495117,0.0,0.0,148.0,729.0,0.4,180.0
SLD7,SLD7_GT_14,3.066666666666667,LOCALIZED_BUT_POORLY_RANKED,5696,1224,-1,6.435483932495117,0.0,0.0,178.0,729.0,0.4,180.0
SLD7,SLD7_GT_15,3.066666666666667,LOCALIZED_BUT_POORLY_RANKED,5776,1304,-1,6.435483932495117,0.0,0.0,258.0,729.0,0.4,180.0
SLD7,SLD7_GT_16,3.066666666666667,LOCALIZED_BUT_POORLY_RANKED,5810,1338,-1,6.435483932495117,0.0,0.0,292.0,729.0,0.4,180.0
SLD7,SLD7_GT_17,3.066666666666667,LOCALIZED_BUT_POORLY_RANKED,5842,1370,-1,6.435483932495117,0.0,0.0,324.0,729.0,0.4,180.0
SLD7,SLD7_GT_18,3.066666666666667,LOCALIZED_BUT_POORLY_RANKED,5874,1402,-1,6.435483932495117,0.0,0.0,356.0,729.0,0.4,180.0
SLD7,SLD7_GT_19,3.066666666666667,LOCALIZED_BUT_POORLY_RANKED,5906,1434,-1,6.435483932495117,0.0,0.0,388.0,729.0,0.4,180.0
SLD7,SLD7_GT_20,3.066666666666667,LOCALIZED_BUT_POORLY_RANKED,5938,1466,-1,6.435483932495117,0.0,0.0,420.0,729.0,0.4,180.0
SLD7,SLD7_GT_21,3.066666666666667,LOCALIZED_AND_HIGHLY_RANKED,5362,972,972,6.435483932495117,1117.316129032258,447.08853030047584,1513.0,180.0,0.4,180.0
SLD7,SLD7_GT_22,3.066666666666667,LOCALIZED_AND_HIGHLY_RANKED,5390,989,989,6.435483932495117,1117.316129032258,447.08853030047584,1530.0,180.0,0.4,180.0
SLD7,SLD7_GT_23,3.066666666666667,LOCALIZED_BUT_POORLY_RANKED,5420,1019,-1,6.435483932495117,0.0,0.0,1560.0,180.0,0.4,180.0
SLD7,SLD7_GT_24,3.066666666666667,LOCALIZED_BUT_POORLY_RANKED,5454,1053,-1,6.435483932495117,0.0,0.0,1594.0,180.0,0.4,180.0
SLD7,SLD7_GT_25,3.066666666666667,LOCALIZED_BUT_POORLY_RANKED,5484,1083,-1,6.435483932495117,0.0,0.0,1624.0,180.0,0.4,180.0
SLD7,SLD7_GT_26,3.066666666666667,LOCALIZED_BUT_POORLY_RANKED,5968,1496,-1,6.435483932495117,0.0,0.0,450.0,729.0,0.4,180.0
SLD7,SLD7_GT_27,3.066666666666667,LOCALIZED_BUT_POORLY_RANKED,5998,1526,-1,6.435483932495117,0.0,0.0,480.0,729.0,0.4,180.0
SLD7,SLD7_GT_28,3.066666666666667,LOCALIZED_BUT_POORLY_RANKED,6028,1556,-1,6.435483932495117,0.0,0.0,510.0,729.0,0.4,180.0
SLD7,SLD7_GT_29,4.8,LOCALIZED_BUT_POORLY_RANKED,4663,1901,-1,6.675000190734863,0.0,0.0,1712.0,562.0,0.4,90.0
SLD7,SLD7_GT_30,4.8,LOCALIZED_BUT_POORLY_RANKED,4693,1903,-1,6.675000190734863,0.0,0.0,1712.0,564.0,0.4,90.0
SLD7,SLD7_GT_31,4.8,LOCALIZED_BUT_POORLY_RANKED,4723,1933,-1,6.675000190734863,0.0,0.0,1712.0,594.0,0.4,90.0
SLD7,SLD7_GT_32,4.8,LOCALIZED_BUT_POORLY_RANKED,4753,1963,-1,6.675000190734863,0.0,0.0,1712.0,624.0,0.4,90.0
SLD7,SLD7_GT_33,4.8,LOCALIZED_BUT_POORLY_RANKED,4783,1993,-1,6.675000190734863,0.0,0.0,1712.0,654.0,0.4,90.0
SLD7,SLD7_GT_34,4.8,LOCALIZED_BUT_POORLY_RANKED,4813,2023,-1,6.675000190734863,0.0,0.0,1712.0,684.0,0.4,90.0
SLD7,SLD7_GT_35,2.8666666666666667,LOCALIZED_BUT_POORLY_RANKED,5718,1241,-1,6.435483932495117,0.0,0.0,195.0,729.0,0.4,180.0
SLD7,SLD7_GT_36,1.5333333333333334,LOCALIZED_AND_HIGHLY_RANKED,3312,930,928,6.429032325744629,1117.316129032258,447.1327403712862,1215.0,180.0,0.4,180.0
SLD7,SLD7_GT_37,1.5333333333333334,LOCALIZED_AND_HIGHLY_RANKED,2367,569,565,4.345831394195557,1224.3086816720256,490.0927024303633,1215.0,719.0,0.372,0.0
SLD7,SLD7_GT_38,3.466666666666667,LOCALIZED_AND_HIGHLY_RANKED,84,122,121,3.4578871726989746,1451.7396449704142,581.1137051883389,17.0,353.0,0.4,270.0
SLD7,SLD7_GT_39,4.533333333333333,LOCALIZED_AND_HIGHLY_RANKED,226,507,505,2.814704656600952,1246.3999999999999,498.8645421859644,1725.0,345.0,0.4,90.0
SLD7,SLD7_GT_40,2.4,LOCALIZED_AND_HIGHLY_RANKED,1604,182,181,4.971795082092285,1397.3964497041422,559.3539369317363,17.0,406.0,0.4,270.0
SLD7,SLD7_GT_41,2.4,LOCALIZED_AND_HIGHLY_RANKED,1764,500,499,3.496774196624756,1250.3225806451612,500.6066356651607,18.0,754.0,0.372,270.0
SLD7,SLD7_GT_42,4.533333333333333,LOCALIZED_AND_HIGHLY_RANKED,1223,33,30,3.128653049468994,1623.6000000000001,649.8323706445993,1712.0,183.0,0.4,90.0
SLD7,SLD7_GT_43,3.466666666666667,LOCALIZED_AND_HIGHLY_RANKED,4076,801,797,5.799355506896973,1148.0,459.5983358304298,3.0,183.0,0.4,90.0
SLD7,SLD7_GT_44,2.4,LOCALIZED_AND_HIGHLY_RANKED,1201,373,372,3.852396249771118,1296.6134185303513,519.0509583838027,21.0,730.0,0.372,180.0
SLD7,SLD7_GT_45,3.466666666666667,LOCALIZED_AND_HIGHLY_RANKED,171,231,232,2.365813732147217,1366.3431952662722,546.8007356256314,3.0,238.0,0.4,270.0
SLD7,SLD7_GT_46,3.7333333333333334,LOCALIZED_AND_HIGHLY_RANKED,1173,102,102,4.276331424713135,1475.0295857988165,590.4101181988743,17.0,687.0,0.4,270.0
SLD7,SLD7_GT_47,4.533333333333333,LOCALIZED_AND_HIGHLY_RANKED,1001,300,303,2.163362503051758,1328.3999999999999,531.5954822657018,1726.0,269.0,0.4,90.0
SLD7,SLD7_GT_48,3.7333333333333334,LOCALIZED_AND_HIGHLY_RANKED,629,411,412,2.0947115421295166,1280.9467455621302,512.6420215857364,553.0,153.0,0.4,270.0
SLD7,SLD7_GT_49,2.2,LOCALIZED_AND_HIGHLY_RANKED,1353,438,443,2.4068267345428467,1269.6774193548388,508.08795195946203,441.0,344.0,0.4,180.0
SLD7,SLD7_GT_50,1.5333333333333334,LOCALIZED_AND_HIGHLY_RANKED,1187,563,562,4.420008182525635,1226.603550295858,490.97005508785503,1727.0,752.0,0.4,270.0
SLD7,SLD7_GT_51,4.0,LOCALIZED_AND_HIGHLY_RANKED,7599,394,392,5.080106735229492,1288.7100591715975,515.8392938670147,17.0,95.0,0.4,270.0
SLD7,SLD7_GT_52,3.7333333333333334,LOCALIZED_AND_HIGHLY_RANKED,4221,426,425,5.078712463378906,1273.1834319526627,509.6273053741521,17.0,512.0,0.4,270.0
SLD7,SLD7_GT_53,3.466666666666667,LOCALIZED_AND_HIGHLY_RANKED,619,481,481,2.417884588241577,1257.6568047337278,503.3068166185597,3.0,258.0,0.4,270.0
SLD7,SLD7_GT_54,2.533333333333333,LOCALIZED_AND_HIGHLY_RANKED,4327,716,715,5.364390850067139,1169.6422287390028,468.1796395650254,670.0,487.0,0.4,0.0
SLD7,SLD7_GT_55,1.5333333333333334,LOCALIZED_AND_HIGHLY_RANKED,388,64,65,2.4481678009033203,1544.8994082840236,618.2444158608746,1203.0,8.0,0.4,270.0
SLD7,SLD7_GT_56,4.533333333333333,LOCALIZED_AND_HIGHLY_RANKED,725,199,200,1.9896318912506104,1385.8,554.5632450471277,1727.0,235.0,0.4,90.0
SLD7,SLD7_GT_57,2.2,LOCALIZED_AND_HIGHLY_RANKED,2419,815,812,4.1000518798828125,1143.6421725239616,457.7525724637309,486.0,342.0,0.372,180.0
SLD7,SLD7_GT_58,2.533333333333333,LOCALIZED_BUT_POORLY_RANKED,6298,1626,-1,6.352838516235352,0.0,0.0,1447.0,180.0,0.4,180.0
SLD7,SLD7_GT_59,2.1333333333333333,LOCALIZED_AND_HIGHLY_RANKED,1112,122,121,3.4578871726989746,1451.7396449704142,581.1137051883389,17.0,353.0,0.4,270.0
SLD7,SLD7_GT_60,3.466666666666667,LOCALIZED_BUT_POORLY_RANKED,4077,3440,-1,3.4035043716430664,0.0,0.0,542.0,246.0,0.344,0.0
SLD7,SLD7_GT_61,2.2,LOCALIZED_BUT_POORLY_RANKED,8563,1707,-1,6.5580644607543945,0.0,0.0,614.0,84.0,0.4,180.0
SLD7,SLD7_GT_62,2.2,LOCALIZED_BUT_POORLY_RANKED,11716,15674,-1,5.2759690284729,0.0,0.0,915.0,398.0,0.289,180.0
SLD7,SLD7_GT_63,2.2,LOCALIZED_AND_HIGHLY_RANKED,8592,137,138,4.502439022064209,1438.9677419354837,575.9350812210917,660.0,70.0,0.4,0.0
SLD7,SLD7_GT_64,2.2,LOCALIZED_AND_HIGHLY_RANKED,1800,822,821,6.231758117675781,1142.7096774193549,457.30712235397704,528.0,341.0,0.4,180.0
SLD7,SLD7_GT_65,2.2,LOCALIZED_BUT_POORLY_RANKED,11712,9362,-1,6.049776077270508,0.0,0.0,494.0,379.0,0.4,0.0
SLD7,SLD7_GT_66,2.2,LOCALIZED_AND_HIGHLY_RANKED,5269,931,931,6.435483932495117,1117.316129032258,447.08853030047584,1226.0,180.0,0.4,180.0
SLD7,SLD7_GT_67,2.2,LOCALIZED_AND_HIGHLY_RANKED,5299,953,953,6.435483932495117,1117.316129032258,447.08853030047584,1248.0,180.0,0.4,180.0
SLD7,SLD7_GT_68,2.2,LOCALIZED_BUT_POORLY_RANKED,5329,1631,-1,6.402895927429199,0.0,0.0,1298.0,180.0,0.4,180.0
SLD7,SLD7_GT_69,2.2,LOCALIZED_BUT_POORLY_RANKED,6309,1667,-1,6.361750602722168,0.0,0.0,1341.0,180.0,0.4,180.0
SLD7,SLD7_GT_70,2.2,LOCALIZED_BUT_POORLY_RANKED,6311,1627,-1,6.3565993309021,0.0,0.0,1368.0,180.0,0.4,180.0
SLD7,SLD7_GT_71,2.2,LOCALIZED_BUT_POORLY_RANKED,6312,1627,-1,6.3565993309021,0.0,0.0,1368.0,180.0,0.4,180.0
SLD7,SLD7_GT_72,2.2,LOCALIZED_BUT_POORLY_RANKED,11710,15672,-1,5.2759690284729,0.0,0.0,216.0,398.0,0.289,180.0
SLD7,SLD7_GT_73,2.2,LOCALIZED_BUT_POORLY_RANKED,11749,15677,-1,5.279689788818359,0.0,0.0,316.0,398.0,0.289,180.0
SLD7,SLD7_GT_74,2.2,LOCALIZED_BUT_POORLY_RANKED,11750,13813,-1,7.336969375610352,0.0,0.0,983.0,395.0,0.372,180.0
SLD7,SLD7_GT_75,2.2,LOCALIZED_BUT_POORLY_RANKED,11751,9579,-1,7.299046516418457,0.0,0.0,1122.0,395.0,0.372,180.0
SLD7,SLD7_GT_76,2.2,LOCALIZED_BUT_POORLY_RANKED,11717,15680,-1,5.279689788818359,0.0,0.0,1215.0,398.0,0.289,180.0
SLD7,SLD7_GT_77,2.2,LOCALIZED_BUT_POORLY_RANKED,11718,16062,-1,5.281507968902588,0.0,0.0,1315.0,398.0,0.289,180.0
SLD7,SLD7_GT_78,2.2,LOCALIZED_BUT_POORLY_RANKED,11719,16063,-1,5.281507968902588,0.0,0.0,1415.0,398.0,0.289,180.0
SLD7,SLD7_GT_79,2.2,LOCALIZED_BUT_POORLY_RANKED,11720,15675,-1,5.2759690284729,0.0,0.0,1514.0,398.0,0.289,180.0
SLD7,SLD7_GT_80,2.2,LOCALIZED_BUT_POORLY_RANKED,11721,9328,-1,6.958634853363037,0.0,0.0,1601.0,395.0,0.372,180.0
SLD7,SLD7_GT_81,2.2,LOCALIZED_AND_HIGHLY_RANKED,7460,655,653,4.383257865905762,1194.632587859425,478.24296632431435,43.0,502.0,0.372,180.0
SLD7,SLD7_GT_82,2.2,LOCALIZED_BUT_POORLY_RANKED,11722,9266,-1,7.644617557525635,0.0,0.0,110.0,781.0,0.372,0.0
SLD7,SLD7_GT_83,2.2,LOCALIZED_BUT_POORLY_RANKED,11723,9265,-1,7.633062362670898,0.0,0.0,210.0,781.0,0.372,0.0
SLD7,SLD7_GT_84,2.2,LOCALIZED_BUT_POORLY_RANKED,11752,9347,-1,7.660251140594482,0.0,0.0,310.0,781.0,0.372,0.0
SLD7,SLD7_GT_85,2.2,LOCALIZED_BUT_POORLY_RANKED,11724,9264,-1,7.633037090301514,0.0,0.0,410.0,781.0,0.372,0.0
SLD7,SLD7_GT_86,2.2,LOCALIZED_BUT_POORLY_RANKED,11725,9547,-1,7.538911819458008,0.0,0.0,498.0,781.0,0.372,0.0
SLD7,SLD7_GT_87,2.2,LOCALIZED_BUT_POORLY_RANKED,11727,9267,-1,7.644617557525635,0.0,0.0,709.0,781.0,0.372,0.0
SLD7,SLD7_GT_88,2.2,LOCALIZED_BUT_POORLY_RANKED,11728,9268,-1,7.644617557525635,0.0,0.0,809.0,781.0,0.372,0.0
SLD7,SLD7_GT_89,2.2,LOCALIZED_BUT_POORLY_RANKED,11729,9269,-1,7.644617557525635,0.0,0.0,909.0,781.0,0.372,0.0
SLD7,SLD7_GT_90,2.2,LOCALIZED_BUT_POORLY_RANKED,11575,9263,-1,7.629213333129883,0.0,0.0,1009.0,781.0,0.372,0.0
SLD7,SLD7_GT_91,2.2,LOCALIZED_BUT_POORLY_RANKED,11753,9348,-1,7.66151762008667,0.0,0.0,1109.0,781.0,0.372,0.0
SLD7,SLD7_GT_92,2.2,LOCALIZED_BUT_POORLY_RANKED,11731,10827,-1,7.521259307861328,0.0,0.0,1322.0,781.0,0.372,0.0
SLD7,SLD7_GT_93,2.2,LOCALIZED_BUT_POORLY_RANKED,11732,10352,-1,7.479104995727539,0.0,0.0,1397.0,781.0,0.372,0.0
SLD7,SLD7_GT_94,2.2,LOCALIZED_BUT_POORLY_RANKED,11733,9270,-1,7.644617557525635,0.0,0.0,1508.0,781.0,0.372,0.0
SLD7,SLD7_GT_95,3.466666666666667,LOCALIZED_BUT_POORLY_RANKED,7542,2984,-1,6.846875190734863,0.0,0.0,3.0,0.0,0.4,90.0
SLD7,SLD7_GT_96,3.466666666666667,LOCALIZED_AND_HIGHLY_RANKED,7563,832,831,4.039380073547363,1140.0,456.43542513884495,18.0,47.0,0.372,270.0
SLD7,SLD7_GT_97,3.466666666666667,LOCALIZED_BUT_POORLY_RANKED,7604,2995,-1,6.846875190734863,0.0,0.0,3.0,117.0,0.4,90.0
SLD7,SLD7_GT_98,3.466666666666667,LOCALIZED_BUT_POORLY_RANKED,7680,6112,-1,6.633116722106934,0.0,0.0,5.0,432.0,0.372,90.0
SLD7,SLD7_GT_99,3.466666666666667,LOCALIZED_BUT_POORLY_RANKED,7734,3240,-1,7.082840442657471,0.0,0.0,17.0,562.0,0.4,270.0
SLD7,SLD7_GT_100,3.466666666666667,LOCALIZED_BUT_POORLY_RANKED,7764,3006,-1,6.846875190734863,0.0,0.0,3.0,584.0,0.4,90.0
SLD7,SLD7_GT_101,3.466666666666667,LOCALIZED_BUT_POORLY_RANKED,7794,3006,-1,6.846875190734863,0.0,0.0,3.0,584.0,0.4,90.0
SLD7,SLD7_GT_102,3.466666666666667,LOCALIZED_BUT_POORLY_RANKED,7824,3034,-1,6.846875190734863,0.0,0.0,3.0,612.0,0.4,90.0
SLD7,SLD7_GT_103,2.2,LOCALIZED_BUT_POORLY_RANKED,11709,9595,-1,7.33997106552124,0.0,0.0,132.0,399.0,0.4,90.0
SLD7,SLD7_GT_104,2.2,LOCALIZED_BUT_POORLY_RANKED,9699,10374,-1,3.778813600540161,0.0,0.0,416.0,387.0,0.289,0.0
SLD7,SLD7_GT_105,2.2,LOCALIZED_BUT_POORLY_RANKED,11714,8110,-1,6.021584510803223,0.0,0.0,730.0,399.0,0.4,90.0
SLD7,SLD7_GT_106,2.2,LOCALIZED_BUT_POORLY_RANKED,11715,15673,-1,5.2759690284729,0.0,0.0,815.0,398.0,0.289,180.0
SLD7,SLD7_GT_107,2.2,LOCALIZED_AND_HIGHLY_RANKED,9087,233,233,2.137241840362549,1363.6012861736335,545.7317521401466,610.0,404.0,0.372,0.0
SLD7,SLD7_GT_108,2.2,LOCALIZED_BUT_POORLY_RANKED,11726,9272,-1,7.651167869567871,0.0,0.0,609.0,781.0,0.372,0.0
SLD7,SLD7_GT_109,2.2,LOCALIZED_BUT_POORLY_RANKED,11734,9271,-1,7.644617557525635,0.0,0.0,1608.0,781.0,0.372,0.0
SLD7,SLD7_GT_110,2.2,LOCALIZED_AND_HIGHLY_RANKED,2952,337,336,2.5820605754852295,1312.0,525.1970129803019,1150.0,84.0,0.4,180.0
SLD7,SLD7_GT_111,4.533333333333333,LOCALIZED_BUT_POORLY_RANKED,2835,1828,-1,3.5715842247009277,0.0,0.0,1710.0,87.0,0.4,90.0
SLD7,SLD7_GT_112,2.2,LOCALIZED_AND_HIGHLY_RANKED,3606,715,713,4.6277666091918945,1169.6422287390028,468.237560510693,1150.0,487.0,0.4,0.0
SLD7,SLD7_GT_113,1.5333333333333334,LOCALIZED_AND_HIGHLY_RANKED,447,376,374,2.635590076446533,1296.473372781065,518.927836159619,1737.0,352.0,0.4,270.0
SLD7,SLD7_GT_114,2.2,LOCALIZED_BUT_POORLY_RANKED,5054,1760,-1,3.1133735179901123,0.0,0.0,23.0,86.0,0.4,180.0
SLD7,SLD7_GT_115,1.5333333333333334,LOCALIZED_AND_HIGHLY_RANKED,754,137,138,4.502439022064209,1438.9677419354837,575.9350812210917,660.0,70.0,0.4,0.0
SLD7,SLD7_GT_116,2.533333333333333,LOCALIZED_AND_HIGHLY_RANKED,7357,317,315,5.067876815795898,1320.464516129032,528.557192974815,698.0,501.0,0.4,180.0
SLD7,SLD7_GT_117,2.4,LOCALIZED_AND_HIGHLY_RANKED,1475,357,352,3.8066325187683105,1303.8977635782746,521.9333891892508,1238.0,502.0,0.372,180.0
SLD7,SLD7_GT_118,3.066666666666667,LOCALIZED_AND_HIGHLY_RANKED,5348,972,972,6.435483932495117,1117.316129032258,447.08853030047584,1513.0,180.0,0.4,180.0
SLD7,SLD7_GT_119,1.5333333333333334,LOCALIZED_AND_HIGHLY_RANKED,2524,136,137,2.1023707389831543,1438.9677419354837,575.9719213984816,524.0,86.0,0.4,180.0
SLD7,SLD7_GT_120,1.5333333333333334,LOCALIZED_BUT_POORLY_RANKED,6110,3572,-1,2.8742175102233887,0.0,0.0,1225.0,759.0,0.344,270.0
SLD7,SLD7_GT_121,2.4,LOCALIZED_AND_HIGHLY_RANKED,965,801,797,5.799355506896973,1148.0,459.5983358304298,3.0,183.0,0.4,90.0
SLD7,SLD7_GT_122,2.4,LOCALIZED_BUT_POORLY_RANKED,2940,1900,-1,6.253541946411133,0.0,0.0,3.0,457.0,0.4,90.0
SLD7,SLD7_GT_123,2.4,LOCALIZED_AND_HIGHLY_RANKED,655,34,34,1.6351938247680664,1616.722580645161,647.0567985931586,559.0,503.0,0.4,180.0
SLD7,SLD7_GT_124,2.4,LOCALIZED_AND_HIGHLY_RANKED,1199,453,453,4.047372341156006,1265.844155844156,506.7205915868253,1714.0,399.0,0.372,90.0
SLD7,SLD7_GT_125,4.8,LOCALIZED_AND_HIGHLY_RANKED,2699,644,644,2.563498020172119,1197.2,479.29053589674174,1709.0,473.0,0.4,90.0
SLD7,SLD7_GT_126,2.2,LOCALIZED_BUT_POORLY_RANKED,1187,3615,-1,3.8217053413391113,0.0,0.0,1718.0,757.0,0.317,90.0
SLD7,SLD7_GT_127,1.5333333333333334,LOCALIZED_AND_HIGHLY_RANKED,24,209,211,2.0754966735839844,1381.8698224852071,553.0251362029153,610.0,432.0,0.4,270.0
SLD7,SLD7_GT_128,4.8,LOCALIZED_BUT_POORLY_RANKED,1866,2144,-1,3.3655619621276855,0.0,0.0,1710.0,58.0,0.4,90.0
SLD7,SLD7_GT_129,1.5333333333333334,LOCALIZED_AND_HIGHLY_RANKED,1025,111,111,4.230662822723389,1464.3612903225808,586.1538837435841,1234.0,84.0,0.4,180.0
SLD7,SLD7_GT_130,2.7333333333333334,LOCALIZED_AND_HIGHLY_RANKED,5088,787,778,4.119909763336182,1150.926517571885,460.7731466815077,578.0,85.0,0.372,180.0
SLD7,SLD7_GT_131,2.533333333333333,LOCALIZED_BUT_POORLY_RANKED,11789,16330,-1,7.332513332366943,0.0,0.0,140.0,395.0,0.4,180.0
SLD7,SLD7_GT_132,2.533333333333333,LOCALIZED_BUT_POORLY_RANKED,11716,14092,-1,7.357397079467773,0.0,0.0,883.0,395.0,0.372,180.0
SLD7,SLD7_GT_133,2.533333333333333,LOCALIZED_BUT_POORLY_RANKED,11709,18931,-1,8.028234481811523,0.0,0.0,91.0,381.0,0.4,0.0
SLD7,SLD7_GT_134,4.8,LOCALIZED_BUT_POORLY_RANKED,11994,6729,-1,3.5045559406280518,0.0,0.0,601.0,698.0,0.289,90.0
SLD7,SLD7_GT_135,2.2,LOCALIZED_AND_HIGHLY_RANKED,99,661,659,4.050437927246094,1193.4967741935484,477.76493486112514,489.0,501.0,0.4,180.0
SLD7,SLD7_GT_136,2.533333333333333,LOCALIZED_BUT_POORLY_RANKED,11794,15627,-1,7.426990985870361,0.0,0.0,843.0,395.0,0.372,180.0
SLD7,SLD7_GT_137,2.533333333333333,LOCALIZED_BUT_POORLY_RANKED,11800,11557,-1,7.324506759643555,0.0,0.0,1621.0,395.0,0.372,180.0
SLD7,SLD7_GT_138,2.533333333333333,LOCALIZED_BUT_POORLY_RANKED,11852,7591,-1,4.799525260925293,0.0,0.0,638.0,395.0,0.4,180.0
SLD7,SLD7_GT_139,2.533333333333333,LOCALIZED_BUT_POORLY_RANKED,11717,13740,-1,7.324228763580322,0.0,0.0,1182.0,395.0,0.372,180.0
SLD7,SLD7_GT_140,2.533333333333333,LOCALIZED_BUT_POORLY_RANKED,11718,17429,-1,6.5043864250183105,0.0,0.0,1292.0,395.0,0.4,180.0
SLD7,SLD7_GT_141,2.533333333333333,LOCALIZED_BUT_POORLY_RANKED,11711,10611,-1,4.9632182121276855,0.0,0.0,391.0,379.0,0.4,0.0
SLD7,SLD7_GT_142,2.2,LOCALIZED_BUT_POORLY_RANKED,2776,10616,-1,8.257750511169434,0.0,0.0,486.0,407.0,0.4,270.0
SLD7,SLD7_GT_143,2.533333333333333,LOCALIZED_BUT_POORLY_RANKED,11791,1657,-1,4.550161361694336,0.0,0.0,348.0,349.0,0.372,90.0
SLD7,SLD7_GT_144,2.533333333333333,LOCALIZED_BUT_POORLY_RANKED,11797,9579,-1,7.299046516418457,0.0,0.0,1122.0,395.0,0.372,180.0
SLD7,SLD7_GT_145,2.533333333333333,LOCALIZED_BUT_POORLY_RANKED,11798,16112,-1,7.232432842254639,0.0,0.0,1219.0,395.0,0.4,180.0
SLD7,SLD7_GT_146,2.533333333333333,LOCALIZED_BUT_POORLY_RANKED,11714,17455,-1,5.656504154205322,0.0,0.0,710.0,388.0,0.289,0.0
SLD7,SLD7_GT_147,2.533333333333333,LOCALIZED_BUT_POORLY_RANKED,11721,18505,-1,7.164515972137451,0.0,0.0,1581.0,395.0,0.4,180.0
SLD7,SLD7_GT_148,2.533333333333333,LOCALIZED_BUT_POORLY_RANKED,11710,14091,-1,7.354122638702393,0.0,0.0,183.0,395.0,0.372,180.0
SLD7,SLD7_GT_149,2.533333333333333,LOCALIZED_BUT_POORLY_RANKED,11750,13813,-1,7.336969375610352,0.0,0.0,983.0,395.0,0.372,180.0
SLD7,SLD7_GT_150,2.533333333333333,LOCALIZED_BUT_POORLY_RANKED,11720,13814,-1,7.338856220245361,0.0,0.0,1482.0,395.0,0.372,180.0
SLD7,SLD7_GT_151,2.533333333333333,LOCALIZED_BUT_POORLY_RANKED,11719,13810,-1,7.326116561889648,0.0,0.0,1382.0,395.0,0.372,180.0
SLD7,SLD7_GT_152,2.533333333333333,LOCALIZED_BUT_POORLY_RANKED,11749,13811,-1,7.333694934844971,0.0,0.0,283.0,395.0,0.372,180.0
SLD7,SLD7_GT_153,2.533333333333333,LOCALIZED_BUT_POORLY_RANKED,11713,13815,-1,2.3713033199310303,0.0,0.0,592.0,402.0,0.289,90.0
SLD7,SLD7_GT_154,2.533333333333333,LOCALIZED_BUT_POORLY_RANKED,11751,13812,-1,7.333694934844971,0.0,0.0,1082.0,395.0,0.372,180.0
SLD7,SLD7_GT_155,2.533333333333333,LOCALIZED_BUT_POORLY_RANKED,11795,16115,-1,7.42860221862793,0.0,0.0,919.0,395.0,0.4,180.0
SLD7,SLD7_GT_156,2.533333333333333,LOCALIZED_BUT_POORLY_RANKED,11854,15502,-1,7.41146183013916,0.0,0.0,1442.0,395.0,0.372,180.0
SLD7,SLD7_GT_157,2.533333333333333,LOCALIZED_BUT_POORLY_RANKED,11790,16114,-1,7.42860221862793,0.0,0.0,220.0,395.0,0.4,180.0
SLD7,SLD7_GT_158,2.533333333333333,LOCALIZED_BUT_POORLY_RANKED,11796,16116,-1,7.42860221862793,0.0,0.0,1019.0,395.0,0.4,180.0
SLD7,SLD7_GT_159,2.533333333333333,LOCALIZED_BUT_POORLY_RANKED,11853,15411,-1,7.3910346031188965,0.0,0.0,1342.0,395.0,0.372,180.0
SLD7,SLD7_GT_160,1.5333333333333334,LOCALIZED_AND_HIGHLY_RANKED,513,135,135,2.0002400875091553,1441.5483870967741,576.9125643578602,1680.0,482.0,0.372,270.0
SLD8,SLD8_GT_0,1.3333333333333333,LOCALIZED_AND_HIGHLY_RANKED,16,57,56,2.9987952709198,1415.882697947214,566.7657782679555,230.0,114.0,0.4,0.0
SLD8,SLD8_GT_1,1.3333333333333333,LOCALIZED_AND_HIGHLY_RANKED,345,94,94,3.5865650177001953,1331.2375366568915,532.8283574804528,315.0,114.0,0.4,0.0
SLD8,SLD8_GT_2,4.533333333333333,LOCALIZED_AND_HIGHLY_RANKED,1229,133,132,4.953479290008545,1280.9467455621302,512.7452713595036,764.0,139.0,0.4,270.0
SLD8,SLD8_GT_3,1.3333333333333333,LOCALIZED_AND_HIGHLY_RANKED,280,13,13,2.852163076400757,1577.4780058651027,631.3134989501058,507.0,114.0,0.4,0.0
SLD8,SLD8_GT_4,4.8,LOCALIZED_AND_HIGHLY_RANKED,1494,288,287,4.866883277893066,1095.5844155844156,438.61510730794635,27.0,249.0,0.372,90.0
SLD8,SLD8_GT_5,1.3333333333333333,LOCALIZED_AND_HIGHLY_RANKED,342,66,66,2.6432337760925293,1400.492668621701,560.568759799013,371.0,114.0,0.4,0.0
SLD8,SLD8_GT_6,4.533333333333333,LOCALIZED_AND_HIGHLY_RANKED,1229,798,798,4.584496021270752,929.0540540540541,372.00603406203413,753.0,162.0,0.344,90.0
SLD8,SLD8_GT_7,4.533333333333333,LOCALIZED_AND_HIGHLY_RANKED,380,30,30,1.9278244972229004,1513.8461538461538,605.8572273737417,22.0,441.0,0.4,270.0
SLD8,SLD8_GT_8,4.8,LOCALIZED_AND_HIGHLY_RANKED,1388,150,149,4.995546340942383,1257.6568047337278,503.3932700090716,40.0,139.0,0.4,270.0
SLD8,SLD8_GT_9,4.8,LOCALIZED_AND_HIGHLY_RANKED,1330,410,409,6.675000190734863,1049.6000000000001,420.0903032084786,25.0,27.0,0.4,90.0
SLD8,SLD8_GT_10,4.8,LOCALIZED_AND_HIGHLY_RANKED,1428,436,435,6.675000190734863,1049.6000000000001,420.0903032084786,25.0,163.0,0.4,90.0
SLD8,SLD8_GT_11,4.8,LOCALIZED_AND_HIGHLY_RANKED,1288,383,382,6.675000190734863,1049.6000000000001,420.0903032084786,25.0,0.0,0.4,90.0
SLD8,SLD8_GT_12,4.8,LOCALIZED_AND_HIGHLY_RANKED,1463,465,464,6.675000190734863,1049.6000000000001,420.0903032084786,25.0,192.0,0.4,90.0
SLD8,SLD8_GT_13,4.8,LOCALIZED_AND_HIGHLY_RANKED,1186,348,347,2.6474032402038574,1082.3999999999999,433.3147507122895,747.0,271.0,0.4,90.0
SLD8,SLD8_GT_14,4.533333333333333,LOCALIZED_AND_HIGHLY_RANKED,410,3,3,1.4797073602676392,1715.6923076923076,686.5622898404803,22.0,309.0,0.4,270.0
SLD8,SLD8_GT_15,4.533333333333333,LOCALIZED_AND_HIGHLY_RANKED,1270,799,799,3.6708385944366455,926.6,371.01662264536156,747.0,322.0,0.4,90.0
SLD8,SLD8_GT_16,4.533333333333333,LOCALIZED_AND_HIGHLY_RANKED,961,382,379,6.050925254821777,1049.6000000000001,420.1908988458189,25.0,85.0,0.4,90.0
SLD8,SLD8_GT_17,4.533333333333333,LOCALIZED_AND_HIGHLY_RANKED,641,68,67,1.7629191875457764,1397.3964497041422,559.3332029769692,22.0,368.0,0.4,270.0
SLD8,SLD8_GT_18,4.533333333333333,LOCALIZED_AND_HIGHLY_RANKED,811,288,287,4.866883277893066,1095.5844155844156,438.61510730794635,27.0,249.0,0.372,90.0
SLD8,SLD8_GT_19,1.3333333333333333,LOCALIZED_AND_HIGHLY_RANKED,39,8,8,1.8870536088943481,1600.5630498533724,640.5406884700666,426.0,114.0,0.4,0.0
SLD8,SLD8_GT_20,4.533333333333333,LOCALIZED_AND_HIGHLY_RANKED,830,128,128,2.056699275970459,1288.7100591715975,515.8268366996587,22.0,415.0,0.4,270.0
SLD8,SLD8_GT_21,4.533333333333333,LOCALIZED_AND_HIGHLY_RANKED,586,23,23,1.7120774984359741,1544.8994082840236,618.3341049478415,22.0,329.0,0.4,270.0
SLD8,SLD8_GT_22,2.2,LOCALIZED_AND_HIGHLY_RANKED,1087,281,280,4.124452114105225,1099.9361022364217,440.4098287120531,43.0,129.0,0.372,180.0
SLD8,SLD8_GT_23,2.2,LOCALIZED_AND_HIGHLY_RANKED,1075,343,343,4.199673175811768,1085.3674121405752,434.5514697655919,767.0,129.0,0.372,180.0
SLD8,SLD8_GT_24,2.2,LOCALIZED_AND_HIGHLY_RANKED,2516,292,293,6.5580644607543945,1091.9225806451614,436.9492252163651,803.0,128.0,0.4,180.0
SLD8,SLD8_GT_25,2.2,LOCALIZED_AND_HIGHLY_RANKED,653,269,269,2.67405366897583,1108.851612903226,443.9303158501169,589.0,465.0,0.4,180.0
SLD8,SLD8_GT_26,2.2,LOCALIZED_AND_HIGHLY_RANKED,2592,327,328,6.5580644607543945,1091.9225806451614,436.9492252163651,695.0,463.0,0.4,180.0
SLD8,SLD8_GT_27,2.2,LOCALIZED_AND_HIGHLY_RANKED,2546,308,309,6.5580644607543945,1091.9225806451614,436.9492252163651,819.0,128.0,0.4,180.0
SLD8,SLD8_GT_28,2.2,LOCALIZED_AND_HIGHLY_RANKED,596,222,223,6.224026203155518,1159.6387096774195,464.09032121314306,717.0,463.0,0.4,180.0
SLD8,SLD8_GT_29,2.533333333333333,LOCALIZED_AND_HIGHLY_RANKED,1692,346,346,3.6042559146881104,1083.458064516129,433.7678545483497,646.0,465.0,0.4,180.0
SLD8,SLD8_GT_30,2.4,LOCALIZED_AND_HIGHLY_RANKED,5,2,2,1.467431902885437,1802.941935483871,721.4612587444356,717.0,326.0,0.4,180.0
SLD8,SLD8_GT_31,1.5333333333333334,LOCALIZED_AND_HIGHLY_RANKED,475,19,19,1.6364864110946655,1554.392961876833,622.0595536263502,600.0,480.0,0.4,0.0
SLD8,SLD8_GT_32,1.5333333333333334,LOCALIZED_AND_HIGHLY_RANKED,539,203,203,3.02254581451416,1185.032258064516,474.3330377749054,136.0,130.0,0.4,180.0
SLD8,SLD8_GT_33,2.2,LOCALIZED_AND_HIGHLY_RANKED,1122,212,212,3.921257257461548,1172.779552715655,469.4568880962628,699.0,129.0,0.372,180.0
SLD8,SLD8_GT_34,1.5333333333333334,LOCALIZED_AND_HIGHLY_RANKED,2469,141,140,5.1393046379089355,1269.6774193548388,508.3175898804841,86.0,128.0,0.4,180.0
SLD8,SLD8_GT_35,4.533333333333333,LOCALIZED_BUT_POORLY_RANKED,1231,1093,-1,3.252180576324463,0.0,0.0,747.0,208.0,0.4,90.0
SLD8,SLD8_GT_36,1.3333333333333333,LOCALIZED_AND_HIGHLY_RANKED,13,21,21,2.099169969558716,1549.0064516129032,619.9158101794612,594.0,128.0,0.4,180.0
SLD8,SLD8_GT_37,2.4,LOCALIZED_AND_HIGHLY_RANKED,5,35,36,3.2149906158447266,1500.6000000000001,600.5440737291166,699.0,304.0,0.4,90.0
SLD8,SLD8_GT_38,2.1333333333333333,LOCALIZED_AND_HIGHLY_RANKED,272,56,57,2.440037488937378,1415.882697947214,566.6594034220315,722.0,254.0,0.4,0.0
SLD8,SLD8_GT_39,4.8,LOCALIZED_AND_HIGHLY_RANKED,814,285,283,5.555121421813965,1098.8,439.87033634581877,25.0,128.0,0.4,90.0
SLD9,SLD9_GT_0,4.8,LOCALIZED_AND_HIGHLY_RANKED,699,118,118,5.343153953552246,1063.5739644970415,425.7457295752003,742.0,123.0,0.4,270.0
SLD9,SLD9_GT_1,4.8,LOCALIZED_AND_HIGHLY_RANKED,720,129,129,6.675000190734863,1049.6000000000001,420.0903032084786,728.0,150.0,0.4,90.0
SLD9,SLD9_GT_2,4.533333333333333,LOCALIZED_AND_HIGHLY_RANKED,744,147,147,6.675000190734863,1049.6000000000001,420.0903032084786,728.0,168.0,0.4,90.0
SLD9,SLD9_GT_3,4.8,LOCALIZED_AND_HIGHLY_RANKED,194,580,580,3.039316177368164,795.3846153846154,318.5059412225148,748.0,287.0,0.289,270.0
SLD9,SLD9_GT_4,4.533333333333333,LOCALIZED_AND_HIGHLY_RANKED,356,13,13,4.734053611755371,1358.5798816568047,543.8214017174195,742.0,453.0,0.4,270.0
SLD9,SLD9_GT_5,4.533333333333333,LOCALIZED_AND_HIGHLY_RANKED,688,78,78,5.457393169403076,1139.8,456.3054697299652,728.0,396.0,0.4,90.0
SLD9,SLD9_GT_6,2.1333333333333333,LOCALIZED_AND_HIGHLY_RANKED,178,29,29,3.436964511871338,1252.7483870967742,501.5470851597917,245.0,94.0,0.4,180.0
SLD9,SLD9_GT_7,1.3333333333333333,LOCALIZED_AND_HIGHLY_RANKED,171,4,4,2.7953238487243652,1523.6129032258066,609.811695546472,1215.0,113.0,0.4,180.0
SLD9,SLD9_GT_8,4.8,LOCALIZED_AND_HIGHLY_RANKED,792,237,237,6.221783638000488,978.1775147928995,391.5756405145043,743.0,327.0,0.4,270.0
SLD10,SLD10_GT_0,1.3333333333333333,LOCALIZED_AND_HIGHLY_RANKED,20,163,163,2.647844076156616,1385.1026392961876,554.3424625077912,139.0,631.0,0.4,0.0
SLD10,SLD10_GT_1,4.533333333333333,LOCALIZED_AND_HIGHLY_RANKED,2746,173,172,4.9550299644470215,1374.1065088757396,549.9824529017534,1337.0,522.0,0.4,270.0
SLD10,SLD10_GT_2,4.8,LOCALIZED_AND_HIGHLY_RANKED,1758,111,110,4.21124267578125,1451.7396449704142,581.077100447395,1337.0,195.0,0.4,270.0
SLD10,SLD10_GT_3,4.533333333333333,LOCALIZED_AND_HIGHLY_RANKED,1605,213,213,3.3721466064453125,1353.0,541.5571416231127,1339.0,461.0,0.4,90.0
SLD10,SLD10_GT_4,4.8,LOCALIZED_BUT_POORLY_RANKED,3205,1610,-1,4.936313152313232,0.0,0.0,1324.0,33.0,0.372,90.0
SLD10,SLD10_GT_5,4.8,LOCALIZED_BUT_POORLY_RANKED,3059,1610,-1,4.936313152313232,0.0,0.0,1324.0,33.0,0.372,90.0
SLD10,SLD10_GT_6,4.533333333333333,LOCALIZED_BUT_POORLY_RANKED,1788,1637,-1,2.2365942001342773,0.0,0.0,1340.0,301.0,0.372,270.0
SLD10,SLD10_GT_7,4.533333333333333,LOCALIZED_AND_HIGHLY_RANKED,1258,3,3,1.384181261062622,1812.2,725.161872377686,1341.0,302.0,0.4,90.0
SLD10,SLD10_GT_8,4.533333333333333,LOCALIZED_AND_HIGHLY_RANKED,2081,56,56,1.740746259689331,1525.2,610.390755952381,1341.0,349.0,0.4,90.0
SLD10,SLD10_GT_9,4.8,LOCALIZED_BUT_POORLY_RANKED,3243,1884,-1,6.9082841873168945,0.0,0.0,1336.0,155.0,0.4,270.0
SLD10,SLD10_GT_10,4.8,LOCALIZED_BUT_POORLY_RANKED,3556,2088,-1,5.064935207366943,0.0,0.0,1324.0,562.0,0.372,90.0
SLD10,SLD10_GT_11,4.8,LOCALIZED_BUT_POORLY_RANKED,3618,1892,-1,6.9082841873168945,0.0,0.0,1336.0,688.0,0.4,270.0
SLD10,SLD10_GT_12,4.8,LOCALIZED_BUT_POORLY_RANKED,3640,1645,-1,6.675000190734863,0.0,0.0,1322.0,711.0,0.4,90.0
SLD10,SLD10_GT_13,4.8,LOCALIZED_BUT_POORLY_RANKED,3670,1645,-1,6.675000190734863,0.0,0.0,1322.0,711.0,0.4,90.0
SLD10,SLD10_GT_14,4.8,LOCALIZED_BUT_POORLY_RANKED,3700,1674,-1,6.675000190734863,0.0,0.0,1322.0,740.0,0.4,90.0
SLD10,SLD10_GT_15,4.8,LOCALIZED_BUT_POORLY_RANKED,3730,1704,-1,6.675000190734863,0.0,0.0,1322.0,770.0,0.4,90.0
SLD10,SLD10_GT_16,4.8,LOCALIZED_BUT_POORLY_RANKED,3760,1734,-1,6.675000190734863,0.0,0.0,1322.0,800.0,0.4,90.0
SLD10,SLD10_GT_17,4.8,LOCALIZED_BUT_POORLY_RANKED,3785,1755,-1,6.675000190734863,0.0,0.0,1322.0,821.0,0.4,90.0
SLD10,SLD10_GT_18,4.533333333333333,LOCALIZED_AND_HIGHLY_RANKED,2428,640,641,2.220043659210205,1156.2,462.8260399653383,1339.0,391.0,0.4,90.0
SLD10,SLD10_GT_19,4.533333333333333,LOCALIZED_AND_HIGHLY_RANKED,1605,64,64,2.0008044242858887,1517.0,607.0959688906432,1339.0,434.0,0.4,90.0
SLD10,SLD10_GT_20,4.533333333333333,LOCALIZED_AND_HIGHLY_RANKED,1081,301,299,3.927922248840332,1302.857142857143,521.530007854768,1324.0,241.0,0.372,90.0
SLD10,SLD10_GT_21,1.3333333333333333,LOCALIZED_AND_HIGHLY_RANKED,15,63,59,2.826270341873169,1523.6129032258066,609.8120975430943,166.0,102.0,0.4,0.0
SLD10,SLD10_GT_22,4.533333333333333,LOCALIZED_BUT_POORLY_RANKED,3000,3643,-1,1.7100409269332886,0.0,0.0,1328.0,611.0,0.289,90.0
SLD10,SLD10_GT_23,1.5333333333333334,LOCALIZED_AND_HIGHLY_RANKED,1348,171,169,5.263929843902588,1377.407624633431,551.2597790979876,687.0,223.0,0.4,0.0
SLD10,SLD10_GT_24,1.5333333333333334,LOCALIZED_AND_HIGHLY_RANKED,952,28,25,3.4638712406158447,1608.258064516129,643.7202816586116,1339.0,237.0,0.4,180.0
SLD10,SLD10_GT_25,1.3333333333333333,LOCALIZED_AND_HIGHLY_RANKED,26,81,81,2.057119369506836,1498.2193548387095,599.5926522516953,383.0,648.0,0.4,180.0
SLD10,SLD10_GT_26,1.5333333333333334,LOCALIZED_AND_HIGHLY_RANKED,81,17,17,1.3932483196258545,1633.6516129032257,653.7358831558391,648.0,15.0,0.4,180.0
SLD10,SLD10_GT_27,1.3333333333333333,LOCALIZED_AND_HIGHLY_RANKED,27,93,93,1.9878571033477783,1481.2903225806454,592.8055236128284,1071.0,648.0,0.4,180.0
SLD10,SLD10_GT_28,2.533333333333333,LOCALIZED_AND_HIGHLY_RANKED,1367,167,166,5.086452007293701,1379.7161290322579,552.3035074650631,1289.0,237.0,0.4,180.0
SLD10,SLD10_GT_29,1.3333333333333333,LOCALIZED_AND_HIGHLY_RANKED,3,35,35,2.6254427433013916,1592.868035190616,637.4779489409096,1143.0,102.0,0.4,0.0
SLD10,SLD10_GT_30,3.7333333333333334,LOCALIZED_BUT_POORLY_RANKED,4558,3039,-1,5.829738616943359,0.0,0.0,659.0,789.0,0.4,90.0
SLD10,SLD10_GT_31,1.3333333333333333,LOCALIZED_AND_HIGHLY_RANKED,37,160,160,2.06862211227417,1388.1806451612904,555.5851634633398,392.0,119.0,0.4,180.0
SLD10,SLD10_GT_32,1.3333333333333333,LOCALIZED_AND_HIGHLY_RANKED,12,55,55,1.934598684310913,1532.0774193548386,613.1516959549801,1128.0,648.0,0.4,180.0
SLD10,SLD10_GT_33,1.3333333333333333,LOCALIZED_AND_HIGHLY_RANKED,680,69,70,1.87068772315979,1515.148387096774,606.3712473312813,1073.0,119.0,0.4,180.0
SLD10,SLD10_GT_34,1.3333333333333333,LOCALIZED_AND_HIGHLY_RANKED,30,20,20,2.484544038772583,1631.3431085043987,652.900795431555,463.0,631.0,0.4,0.0
SLD10,SLD10_GT_35,1.3333333333333333,LOCALIZED_AND_HIGHLY_RANKED,8,127,127,2.078209638595581,1430.5032258064516,572.5264423775805,447.0,119.0,0.4,180.0
SLD10,SLD10_GT_36,3.466666666666667,LOCALIZED_AND_HIGHLY_RANKED,706,159,157,4.523439407348633,1389.6331360946747,556.2434710997259,673.0,700.0,0.4,270.0
SLD10,SLD10_GT_37,2.2,LOCALIZED_AND_HIGHLY_RANKED,5282,812,812,6.5580644607543945,1091.9225806451614,436.9492252163651,705.0,237.0,0.4,180.0
SLD10,SLD10_GT_38,2.2,LOCALIZED_AND_HIGHLY_RANKED,5314,844,844,6.5580644607543945,1091.9225806451614,436.9492252163651,737.0,237.0,0.4,180.0
SLD10,SLD10_GT_39,2.2,LOCALIZED_BUT_POORLY_RANKED,5783,1313,-1,6.5580644607543945,0.0,0.0,1206.0,237.0,0.4,180.0
SLD10,SLD10_GT_40,2.2,LOCALIZED_BUT_POORLY_RANKED,5876,1360,-1,6.5580644607543945,0.0,0.0,1386.0,237.0,0.4,180.0
SLD10,SLD10_GT_41,2.2,LOCALIZED_BUT_POORLY_RANKED,5908,1360,-1,6.5580644607543945,0.0,0.0,1386.0,237.0,0.4,180.0
SLD10,SLD10_GT_42,2.2,LOCALIZED_BUT_POORLY_RANKED,9005,13170,-1,5.280669689178467,0.0,0.0,316.0,514.0,0.289,180.0
SLD10,SLD10_GT_43,2.2,LOCALIZED_BUT_POORLY_RANKED,9007,13172,-1,5.280669689178467,0.0,0.0,696.0,514.0,0.289,180.0
SLD10,SLD10_GT_44,2.2,LOCALIZED_BUT_POORLY_RANKED,9059,13173,-1,5.280669689178467,0.0,0.0,823.0,514.0,0.289,180.0
SLD10,SLD10_GT_45,2.2,LOCALIZED_BUT_POORLY_RANKED,9009,13174,-1,5.280669689178467,0.0,0.0,1076.0,514.0,0.289,180.0
SLD10,SLD10_GT_46,2.2,LOCALIZED_BUT_POORLY_RANKED,9061,13175,-1,5.280669689178467,0.0,0.0,1203.0,514.0,0.289,180.0
SLD10,SLD10_GT_47,2.2,LOCALIZED_BUT_POORLY_RANKED,5988,1438,-1,6.5580644607543945,0.0,0.0,1464.0,237.0,0.4,180.0
SLD10,SLD10_GT_48,2.2,LOCALIZED_AND_HIGHLY_RANKED,5344,874,874,6.5580644607543945,1091.9225806451614,436.9492252163651,767.0,237.0,0.4,180.0
SLD10,SLD10_GT_49,2.2,LOCALIZED_AND_HIGHLY_RANKED,5374,904,904,6.5580644607543945,1091.9225806451614,436.9492252163651,797.0,237.0,0.4,180.0
SLD10,SLD10_GT_50,2.2,LOCALIZED_AND_HIGHLY_RANKED,5404,934,934,6.5580644607543945,1091.9225806451614,436.9492252163651,827.0,237.0,0.4,180.0
SLD10,SLD10_GT_51,2.2,LOCALIZED_AND_HIGHLY_RANKED,5434,964,964,6.5580644607543945,1091.9225806451614,436.9492252163651,857.0,237.0,0.4,180.0
SLD10,SLD10_GT_52,2.2,LOCALIZED_AND_HIGHLY_RANKED,5464,994,994,6.5580644607543945,1091.9225806451614,436.9492252163651,887.0,237.0,0.4,180.0
SLD10,SLD10_GT_53,2.2,LOCALIZED_BUT_POORLY_RANKED,5494,1024,-1,6.5580644607543945,0.0,0.0,917.0,237.0,0.4,180.0
SLD10,SLD10_GT_54,2.2,LOCALIZED_BUT_POORLY_RANKED,5524,1054,-1,6.5580644607543945,0.0,0.0,947.0,237.0,0.4,180.0
SLD10,SLD10_GT_55,2.2,LOCALIZED_BUT_POORLY_RANKED,5554,1084,-1,6.5580644607543945,0.0,0.0,977.0,237.0,0.4,180.0
SLD10,SLD10_GT_56,2.2,LOCALIZED_BUT_POORLY_RANKED,5584,1114,-1,6.5580644607543945,0.0,0.0,1007.0,237.0,0.4,180.0
SLD10,SLD10_GT_57,2.2,LOCALIZED_BUT_POORLY_RANKED,5614,1144,-1,6.5580644607543945,0.0,0.0,1037.0,237.0,0.4,180.0
SLD10,SLD10_GT_58,2.2,LOCALIZED_BUT_POORLY_RANKED,5644,1174,-1,6.5580644607543945,0.0,0.0,1067.0,237.0,0.4,180.0
SLD10,SLD10_GT_59,2.2,LOCALIZED_BUT_POORLY_RANKED,5674,1204,-1,6.5580644607543945,0.0,0.0,1097.0,237.0,0.4,180.0
SLD10,SLD10_GT_60,2.2,LOCALIZED_BUT_POORLY_RANKED,5704,1234,-1,6.5580644607543945,0.0,0.0,1127.0,237.0,0.4,180.0
SLD10,SLD10_GT_61,2.2,LOCALIZED_BUT_POORLY_RANKED,5734,1264,-1,6.5580644607543945,0.0,0.0,1157.0,237.0,0.4,180.0
SLD10,SLD10_GT_62,2.2,LOCALIZED_BUT_POORLY_RANKED,5945,1397,-1,6.5580644607543945,0.0,0.0,1423.0,237.0,0.4,180.0
SLD10,SLD10_GT_63,2.2,LOCALIZED_BUT_POORLY_RANKED,6018,1470,-1,6.5580644607543945,0.0,0.0,1496.0,237.0,0.4,180.0
SLD10,SLD10_GT_64,2.2,LOCALIZED_BUT_POORLY_RANKED,9022,13169,-1,5.280669689178467,0.0,0.0,63.0,514.0,0.289,180.0
SLD10,SLD10_GT_65,2.2,LOCALIZED_BUT_POORLY_RANKED,9004,13249,-1,5.282487869262695,0.0,0.0,190.0,514.0,0.289,180.0
SLD10,SLD10_GT_66,2.2,LOCALIZED_BUT_POORLY_RANKED,9023,13171,-1,5.280669689178467,0.0,0.0,443.0,514.0,0.289,180.0
SLD10,SLD10_GT_67,2.2,LOCALIZED_BUT_POORLY_RANKED,9006,13250,-1,5.282487869262695,0.0,0.0,570.0,514.0,0.289,180.0
SLD10,SLD10_GT_68,2.2,LOCALIZED_BUT_POORLY_RANKED,9008,13251,-1,5.282487869262695,0.0,0.0,950.0,514.0,0.289,180.0
SLD10,SLD10_GT_69,2.2,LOCALIZED_BUT_POORLY_RANKED,9011,13176,-1,5.280669689178467,0.0,0.0,1447.0,514.0,0.289,180.0
SLD10,SLD10_GT_70,2.4,LOCALIZED_AND_HIGHLY_RANKED,731,206,205,2.4463765621185303,1354.3225806451612,542.0118706399161,748.0,58.0,0.4,180.0
SLD10,SLD10_GT_71,2.8666666666666667,LOCALIZED_AND_HIGHLY_RANKED,4115,729,729,6.412903308868408,1117.316129032258,447.09259481660484,0.0,645.0,0.4,180.0
SLD10,SLD10_GT_72,1.3333333333333333,LOCALIZED_AND_HIGHLY_RANKED,449,180,181,3.521012306213379,1369.7126099706745,548.1741291909556,901.0,102.0,0.4,0.0
SLD10,SLD10_GT_73,3.466666666666667,LOCALIZED_AND_HIGHLY_RANKED,706,471,471,2.4169623851776123,1221.8,489.0152184844734,678.0,747.0,0.4,90.0
SLD10,SLD10_GT_74,3.466666666666667,LOCALIZED_BUT_POORLY_RANKED,2442,1605,-1,3.488926887512207,0.0,0.0,675.0,146.0,0.344,270.0
SLD10,SLD10_GT_75,4.0,LOCALIZED_AND_HIGHLY_RANKED,4087,481,477,5.026205539703369,1218.8402366863904,487.8731401717419,673.0,655.0,0.4,270.0
SLD10,SLD10_GT_76,1.5333333333333334,LOCALIZED_AND_HIGHLY_RANKED,45,94,95,2.3564212322235107,1477.442815249267,591.2503512445462,781.0,780.0,0.4,0.0
SLD10,SLD10_GT_77,2.0,LOCALIZED_BUT_POORLY_RANKED,943,2880,-1,3.3054141998291016,0.0,0.0,1328.0,516.0,0.317,90.0
SLD10,SLD10_GT_78,1.3333333333333333,LOCALIZED_AND_HIGHLY_RANKED,411,68,68,2.5860283374786377,1515.91788856305,606.6546549868838,903.0,629.0,0.4,0.0
SLD10,SLD10_GT_79,1.5333333333333334,LOCALIZED_BUT_POORLY_RANKED,2527,1557,-1,4.257470607757568,0.0,0.0,661.0,649.0,0.372,90.0
SLD10,SLD10_GT_80,1.5333333333333334,LOCALIZED_BUT_POORLY_RANKED,5800,1328,-1,6.5580644607543945,0.0,0.0,1221.0,237.0,0.4,180.0
SLD10,SLD10_GT_81,1.5333333333333334,LOCALIZED_BUT_POORLY_RANKED,9055,6799,-1,7.574007511138916,0.0,0.0,77.0,515.0,0.4,90.0
SLD10,SLD10_GT_82,1.5333333333333334,LOCALIZED_BUT_POORLY_RANKED,9092,9382,-1,7.395744800567627,0.0,0.0,202.0,511.0,0.372,180.0
SLD10,SLD10_GT_83,1.5333333333333334,LOCALIZED_BUT_POORLY_RANKED,9057,9436,-1,7.38938570022583,0.0,0.0,455.0,511.0,0.372,180.0
SLD10,SLD10_GT_84,1.5333333333333334,LOCALIZED_BUT_POORLY_RANKED,9093,9383,-1,7.395744800567627,0.0,0.0,582.0,511.0,0.372,180.0
SLD10,SLD10_GT_85,1.5333333333333334,LOCALIZED_BUT_POORLY_RANKED,9094,9384,-1,7.395744800567627,0.0,0.0,962.0,511.0,0.372,180.0
SLD10,SLD10_GT_86,2.4,LOCALIZED_AND_HIGHLY_RANKED,1348,230,230,2.139599084854126,1335.2899408284025,534.5118611531368,675.0,193.0,0.4,270.0
SLD10,SLD10_GT_87,2.4,LOCALIZED_AND_HIGHLY_RANKED,2564,666,662,4.2892045974731445,1143.6421725239616,457.8731965481942,626.0,117.0,0.372,180.0
SLD10,SLD10_GT_88,2.1333333333333333,LOCALIZED_AND_HIGHLY_RANKED,1022,98,98,2.250032424926758,1472.8258064516128,589.4028682950484,748.0,585.0,0.4,180.0
SLD10,SLD10_GT_89,2.1333333333333333,LOCALIZED_AND_HIGHLY_RANKED,241,253,253,4.16553258895874,1323.5425219941349,529.691625151992,42.0,63.0,0.4,0.0
SLD10,SLD10_GT_90,2.4,LOCALIZED_BUT_POORLY_RANKED,2565,2138,-1,5.478483200073242,0.0,0.0,603.0,631.0,0.4,0.0
SLD10,SLD10_GT_91,1.5333333333333334,LOCALIZED_AND_HIGHLY_RANKED,1071,408,404,4.812182903289795,1252.7483870967742,501.42722727698475,711.0,645.0,0.4,180.0
SLD10,SLD10_GT_92,4.8,LOCALIZED_BUT_POORLY_RANKED,2024,1642,-1,3.6367199420928955,0.0,0.0,1320.0,648.0,0.4,90.0
SLD10,SLD10_GT_93,2.533333333333333,LOCALIZED_BUT_POORLY_RANKED,9024,9381,-1,7.320390701293945,0.0,0.0,785.0,511.0,0.372,180.0
SLD10,SLD10_GT_94,2.2,LOCALIZED_BUT_POORLY_RANKED,9059,9437,-1,7.38938570022583,0.0,0.0,835.0,511.0,0.372,180.0
SLD10,SLD10_GT_95,1.5333333333333334,LOCALIZED_AND_HIGHLY_RANKED,1115,166,167,4.241040229797363,1379.7161290322579,552.2640731613652,726.0,116.0,0.4,180.0
SLD10,SLD10_GT_96,4.8,LOCALIZED_BUT_POORLY_RANKED,2061,1643,-1,3.639035701751709,0.0,0.0,1320.0,119.0,0.4,90.0
SLD10,SLD10_GT_97,2.2,LOCALIZED_BUT_POORLY_RANKED,9061,13175,-1,5.280669689178467,0.0,0.0,1203.0,514.0,0.289,180.0
SLD10,SLD10_GT_98,2.533333333333333,LOCALIZED_BUT_POORLY_RANKED,9022,11035,-1,7.450202465057373,0.0,0.0,11.0,511.0,0.372,180.0
SLD10,SLD10_GT_99,2.533333333333333,LOCALIZED_BUT_POORLY_RANKED,9009,12223,-1,7.471249103546143,0.0,0.0,1025.0,511.0,0.372,180.0
SLD10,SLD10_GT_100,2.533333333333333,LOCALIZED_BUT_POORLY_RANKED,9010,11113,-1,7.476410388946533,0.0,0.0,1151.0,511.0,0.372,180.0
SLD10,SLD10_GT_101,2.533333333333333,LOCALIZED_BUT_POORLY_RANKED,9056,13170,-1,5.280669689178467,0.0,0.0,316.0,514.0,0.289,180.0
SLD10,SLD10_GT_102,2.4,LOCALIZED_BUT_POORLY_RANKED,9060,13174,-1,5.280669689178467,0.0,0.0,1076.0,514.0,0.289,180.0
SLD10,SLD10_GT_103,2.533333333333333,LOCALIZED_BUT_POORLY_RANKED,9023,11036,-1,7.450202465057373,0.0,0.0,391.0,511.0,0.372,180.0
SLD10,SLD10_GT_104,2.533333333333333,LOCALIZED_BUT_POORLY_RANKED,9025,2909,-1,4.9892473220825195,0.0,0.0,1295.0,495.0,0.4,0.0
SLD10,SLD10_GT_105,2.533333333333333,LOCALIZED_BUT_POORLY_RANKED,9011,10232,-1,7.42317008972168,0.0,0.0,1384.0,496.0,0.4,0.0
SLD10,SLD10_GT_106,2.533333333333333,LOCALIZED_BUT_POORLY_RANKED,9004,11109,-1,7.445060729980469,0.0,0.0,138.0,511.0,0.372,180.0
SLD11,SLD11_GT_0,4.533333333333333,LOCALIZED_AND_HIGHLY_RANKED,1039,71,71,4.1719231605529785,1319.7633136094676,528.239445709847,511.0,178.0,0.4,270.0
SLD11,SLD11_GT_1,2.8666666666666667,LOCALIZED_AND_HIGHLY_RANKED,1008,62,61,4.980590343475342,1338.9325513196482,535.9672656641156,134.0,131.0,0.4,0.0
SLD11,SLD11_GT_2,2.8666666666666667,LOCALIZED_AND_HIGHLY_RANKED,1009,55,54,4.930737018585205,1354.3225806451612,542.124333112796,521.0,131.0,0.4,0.0
SLD11,SLD11_GT_3,3.066666666666667,LOCALIZED_AND_HIGHLY_RANKED,1402,246,246,6.435483932495117,1117.316129032258,447.08853030047584,162.0,146.0,0.4,180.0
SLD11,SLD11_GT_4,3.066666666666667,LOCALIZED_AND_HIGHLY_RANKED,1432,267,267,6.435483932495117,1117.316129032258,447.08853030047584,183.0,146.0,0.4,180.0
SLD11,SLD11_GT_5,3.066666666666667,LOCALIZED_AND_HIGHLY_RANKED,1508,300,300,6.435483932495117,1117.316129032258,447.08853030047584,550.0,146.0,0.4,180.0
SLD11,SLD11_GT_6,3.066666666666667,LOCALIZED_AND_HIGHLY_RANKED,1539,186,186,6.135648727416992,1176.5677419354838,470.8356707410738,609.0,145.0,0.4,180.0
SLD11,SLD11_GT_7,4.8,LOCALIZED_AND_HIGHLY_RANKED,1132,647,646,5.288960933685303,962.3376623376623,385.28785474472005,264.0,2.0,0.372,90.0
SLD11,SLD11_GT_8,2.4,LOCALIZED_AND_HIGHLY_RANKED,395,39,39,2.9260902404785156,1410.3999999999999,564.5667989982578,642.0,85.0,0.4,90.0
SLD11,SLD11_GT_9,3.7333333333333334,LOCALIZED_AND_HIGHLY_RANKED,553,52,52,4.806366920471191,1366.3431952662722,546.8688520011004,123.0,160.0,0.4,270.0
SLD11,SLD11_GT_10,2.4,LOCALIZED_AND_HIGHLY_RANKED,238,77,75,4.289775848388672,1312.0,525.1596823962375,123.0,178.0,0.4,270.0
SLD11,SLD11_GT_11,2.8666666666666667,LOCALIZED_AND_HIGHLY_RANKED,662,165,165,6.109642505645752,1193.4967741935484,477.60735888033423,230.0,145.0,0.4,180.0
SLD11,SLD11_GT_12,4.0,LOCALIZED_AND_HIGHLY_RANKED,1113,103,102,3.8980419635772705,1258.4415584415585,503.8098725164221,498.0,405.0,0.372,90.0
SLD11,SLD11_GT_13,4.533333333333333,LOCALIZED_AND_HIGHLY_RANKED,1231,426,425,2.9893813133239746,1048.0473372781064,419.5771279055207,125.0,472.0,0.4,270.0
SLD11,SLD11_GT_14,3.466666666666667,LOCALIZED_AND_HIGHLY_RANKED,1308,161,161,5.3863444328308105,1195.5502958579882,478.6129146677383,510.0,593.0,0.4,270.0
SLD11,SLD11_GT_15,4.0,LOCALIZED_AND_HIGHLY_RANKED,2033,128,128,5.291087627410889,1226.603550295858,491.03664495424033,122.0,590.0,0.4,270.0
SLD11,SLD11_GT_16,3.7333333333333334,LOCALIZED_AND_HIGHLY_RANKED,1651,404,404,6.112006187438965,1057.8,423.4866488458188,496.0,470.0,0.4,90.0
SLD11,SLD11_GT_17,4.533333333333333,LOCALIZED_AND_HIGHLY_RANKED,735,142,143,2.455364465713501,1211.076923076923,484.80526964405203,125.0,529.0,0.4,270.0
SLD11,SLD11_GT_18,3.466666666666667,NOT_LOCALIZED,-1,-1,-1,0,0,0,-1,-1,-1,-1
SLD11,SLD11_GT_19,3.466666666666667,LOCALIZED_BUT_POORLY_RANKED,3203,1105,-1,7.767485618591309,0.0,0.0,335.0,15.0,0.4,90.0
SLD11,SLD11_GT_20,3.466666666666667,LOCALIZED_BUT_POORLY_RANKED,3169,1433,-1,7.917545318603516,0.0,0.0,349.0,96.0,0.4,270.0
SLD11,SLD11_GT_21,3.466666666666667,NOT_LOCALIZED,-1,-1,-1,0,0,0,-1,-1,-1,-1
SLD11,SLD11_GT_22,3.466666666666667,NOT_LOCALIZED,-1,-1,-1,0,0,0,-1,-1,-1,-1
SLD11,SLD11_GT_23,3.466666666666667,LOCALIZED_BUT_POORLY_RANKED,3170,3042,-1,5.375494003295898,0.0,0.0,343.0,241.0,0.289,90.0
SLD11,SLD11_GT_24,3.466666666666667,NOT_LOCALIZED,-1,-1,-1,0,0,0,-1,-1,-1,-1
SLD11,SLD11_GT_25,3.466666666666667,LOCALIZED_BUT_POORLY_RANKED,3171,3043,-1,5.375494003295898,0.0,0.0,343.0,351.0,0.289,90.0
SLD11,SLD11_GT_26,3.466666666666667,NOT_LOCALIZED,-1,-1,-1,0,0,0,-1,-1,-1,-1
SLD11,SLD11_GT_27,3.466666666666667,LOCALIZED_BUT_POORLY_RANKED,3204,1106,-1,7.767485618591309,0.0,0.0,335.0,456.0,0.4,90.0
SLD11,SLD11_GT_28,3.466666666666667,NOT_LOCALIZED,-1,-1,-1,0,0,0,-1,-1,-1,-1
SLD11,SLD11_GT_29,3.466666666666667,LOCALIZED_BUT_POORLY_RANKED,3172,1381,-1,7.802848815917969,0.0,0.0,335.0,537.0,0.4,90.0
SLD11,SLD11_GT_30,3.466666666666667,LOCALIZED_AND_HIGHLY_RANKED,2064,469,469,6.846875190734863,1025.0,410.26168677409987,496.0,599.0,0.4,90.0
SLD11,SLD11_GT_31,3.466666666666667,LOCALIZED_AND_HIGHLY_RANKED,2085,488,488,6.846875190734863,1025.0,410.26168677409987,108.0,610.0,0.4,90.0
SLD11,SLD11_GT_32,3.466666666666667,LOCALIZED_AND_HIGHLY_RANKED,958,398,398,6.175353527069092,1066.0,426.66774070847856,496.0,546.0,0.4,90.0
SLD11,SLD11_GT_33,2.4,LOCALIZED_AND_HIGHLY_RANKED,204,216,216,5.2051100730896,1148.9704142011835,459.9484500288643,123.0,2.0,0.4,270.0
SLD11,SLD11_GT_34,4.533333333333333,LOCALIZED_AND_HIGHLY_RANKED,541,426,425,2.9893813133239746,1048.0473372781064,419.5771279055207,125.0,472.0,0.4,270.0
SLD11,SLD11_GT_35,2.4,LOCALIZED_AND_HIGHLY_RANKED,1638,238,237,5.062808990478516,1125.680473372781,450.65880230733154,656.0,0.0,0.4,270.0
SLD11,SLD11_GT_36,2.4,LOCALIZED_AND_HIGHLY_RANKED,2108,511,511,6.846875190734863,1025.0,410.26168677409987,496.0,621.0,0.4,90.0
SLD11,SLD11_GT_37,1.5333333333333334,LOCALIZED_AND_HIGHLY_RANKED,14,150,150,4.166896343231201,1203.3136094674555,481.72419743108674,184.0,467.0,0.4,270.0
SLD11,SLD11_GT_38,2.8666666666666667,LOCALIZED_AND_HIGHLY_RANKED,395,186,186,6.135648727416992,1176.5677419354838,470.8356707410738,609.0,145.0,0.4,180.0
SLD11,SLD11_GT_39,1.5333333333333334,LOCALIZED_AND_HIGHLY_RANKED,6,387,388,3.280050277709961,1083.458064516129,433.58838712987983,546.0,454.0,0.4,180.0
SLD11,SLD11_GT_40,4.533333333333333,LOCALIZED_AND_HIGHLY_RANKED,466,172,172,4.919976234436035,1189.0,475.9845939677701,496.0,149.0,0.4,90.0
SLD11,SLD11_GT_41,3.466666666666667,NOT_LOCALIZED,-1,-1,-1,0,0,0,-1,-1,-1,-1
SLD11,SLD11_GT_42,3.466666666666667,LOCALIZED_BUT_POORLY_RANKED,3169,1101,-1,7.726739406585693,0.0,0.0,335.0,136.0,0.4,90.0
SLD11,SLD11_GT_43,3.466666666666667,LOCALIZED_BUT_POORLY_RANKED,3170,1102,-1,7.726739406585693,0.0,0.0,335.0,246.0,0.4,90.0
SLD11,SLD11_GT_44,3.466666666666667,NOT_LOCALIZED,-1,-1,-1,0,0,0,-1,-1,-1,-1
SLD11,SLD11_GT_45,3.466666666666667,LOCALIZED_BUT_POORLY_RANKED,3171,1103,-1,7.726739406585693,0.0,0.0,335.0,356.0,0.4,90.0
SLD11,SLD11_GT_46,3.466666666666667,NOT_LOCALIZED,-1,-1,-1,0,0,0,-1,-1,-1,-1
SLD11,SLD11_GT_47,3.466666666666667,NOT_LOCALIZED,-1,-1,-1,0,0,0,-1,-1,-1,-1
SLD11,SLD11_GT_48,3.466666666666667,LOCALIZED_BUT_POORLY_RANKED,3172,1104,-1,7.726739406585693,0.0,0.0,335.0,577.0,0.4,90.0
SLD11,SLD11_GT_49,3.466666666666667,NOT_LOCALIZED,-1,-1,-1,0,0,0,-1,-1,-1,-1
SLD11,SLD11_GT_50,2.4,LOCALIZED_AND_HIGHLY_RANKED,976,73,73,3.8512985706329346,1317.6623376623377,527.4404815389785,111.0,405.0,0.372,90.0
SLD11,SLD11_GT_51,3.466666666666667,LOCALIZED_BUT_POORLY_RANKED,3203,1105,-1,7.767485618591309,0.0,0.0,335.0,15.0,0.4,90.0
SLD11,SLD11_GT_52,3.466666666666667,LOCALIZED_BUT_POORLY_RANKED,3204,1106,-1,7.767485618591309,0.0,0.0,335.0,456.0,0.4,90.0
SLD11,SLD11_GT_53,3.466666666666667,NOT_LOCALIZED,-1,-1,-1,0,0,0,-1,-1,-1,-1
SLD11,SLD11_GT_54,2.1333333333333333,LOCALIZED_AND_HIGHLY_RANKED,801,109,109,2.370842933654785,1252.7483870967742,501.4723114439324,516.0,517.0,0.4,180.0
SLD11,SLD11_GT_55,2.4,LOCALIZED_AND_HIGHLY_RANKED,80,25,24,3.1374526023864746,1482.792899408284,593.513485181747,510.0,308.0,0.4,270.0
SLD11,SLD11_GT_56,4.0,LOCALIZED_AND_HIGHLY_RANKED,584,128,128,5.291087627410889,1226.603550295858,491.03664495424033,122.0,590.0,0.4,270.0
SLD11,SLD11_GT_57,4.0,NOT_LOCALIZED,-1,-1,-1,0,0,0,-1,-1,-1,-1
SLD11,SLD11_GT_58,4.0,NOT_LOCALIZED,-1,-1,-1,0,0,0,-1,-1,-1,-1
SLD11,SLD11_GT_59,3.466666666666667,NOT_LOCALIZED,-1,-1,-1,0,0,0,-1,-1,-1,-1
SLD11,SLD11_GT_60,3.466666666666667,LOCALIZED_BUT_POORLY_RANKED,3373,2027,-1,7.987876892089844,0.0,0.0,349.0,625.0,0.4,270.0
SLD11,SLD11_GT_61,4.0,LOCALIZED_BUT_POORLY_RANKED,3252,1433,-1,7.917545318603516,0.0,0.0,349.0,96.0,0.4,270.0
SLD11,SLD11_GT_62,4.0,LOCALIZED_BUT_POORLY_RANKED,3349,1381,-1,7.802848815917969,0.0,0.0,335.0,537.0,0.4,90.0
SLD12,SLD12_GT_0,2.1333333333333333,LOCALIZED_AND_HIGHLY_RANKED,5,3,3,2.995844602584839,1408.1876832844573,563.6418058257635,466.0,39.0,0.4,0.0
SLD12,SLD12_GT_1,4.0,LOCALIZED_AND_HIGHLY_RANKED,151,31,31,4.7243571281433105,1086.8639053254437,435.0533926883389,48.0,11.0,0.4,270.0
SLD12,SLD12_GT_2,1.5333333333333334,LOCALIZED_AND_HIGHLY_RANKED,67,11,11,3.224583387374878,1252.9073482428116,501.5834413163738,217.0,54.0,0.372,180.0
SLD12,SLD12_GT_3,2.4,LOCALIZED_AND_HIGHLY_RANKED,135,39,39,6.310266494750977,1033.2,413.6501633275262,34.0,35.0,0.4,90.0
SLD12,SLD12_GT_4,1.5333333333333334,LOCALIZED_AND_HIGHLY_RANKED,273,9,9,5.116654396057129,1269.6774193548388,508.31110069873745,166.0,53.0,0.4,180.0
SLD12,SLD12_GT_5,1.5333333333333334,LOCALIZED_AND_HIGHLY_RANKED,274,1,1,3.491533041000366,1515.148387096774,606.4926915843589,757.0,53.0,0.4,180.0
SLD12,SLD12_GT_6,2.4,LOCALIZED_AND_HIGHLY_RANKED,144,142,142,3.8995721340179443,802.7027027027027,321.4260769218769,827.0,57.0,0.344,90.0
SLD12,SLD12_GT_7,1.3333333333333333,LOCALIZED_AND_HIGHLY_RANKED,24,2,2,2.9710566997528076,1438.9677419354837,575.9297858645599,519.0,39.0,0.4,0.0
SLD12,SLD12_GT_8,1.3333333333333333,LOCALIZED_AND_HIGHLY_RANKED,10,4,4,2.900207042694092,1392.7976539589442,557.516661905954,625.0,39.0,0.4,0.0
SLD12,SLD12_GT_9,1.3333333333333333,LOCALIZED_AND_HIGHLY_RANKED,4,8,8,2.727827548980713,1285.0674486803518,514.4058898683928,442.0,39.0,0.4,0.0
